Nombre;òltima pelea;;;;
Danny Abbadi;20/9/09;;;;
David Abbott;13/4/13;;;;
Shamil Abdurakhimov;21/1/23;;;;
Daichi Abe;5/4/25;;;;
Papy Abedi;1/4/17;;;;
Ricardo Abreu;2/2/19;;;;
Klidson Abreu;15/12/24;;;;
Scott Adams;10/3/00;;;;
Juan Adams;22/2/25;;;;
Zarrukh Adashev;4/6/22;;;;
Israel Adesanya;1/2/25;;;;
Sam Adkins;20/10/07;;;;
Nick Agallar;4/3/11;;;;
Mariya Agapova;13/7/24;;;;
Marcelo Aguiar;9/6/00;;;;
Fabio Aguiar;2/4/21;;;;
Edwin Aguilar;11/6/16;;;;
Jessica Aguilar;17/2/23;;;;
Kevin Aguilar;15/5/21;;;;
Christian Aguilera;7/3/25;;;;
Omari Akhmedov;25/11/22;;;;
Yoshihiro Akiyama;28/1/24;;;;
Rostem Akman;5/2/23;;;;
Razak Al-Hassan;9/12/16;;;;
Mostapha Al-Turk;10/4/10;;;;
Amir Albazi;6/12/24;;;;
John Albert;27/7/13;;;;
Junior Albini;31/8/21;;;;
Wes Albritton;30/5/97;;;;
Aleksandra Albu;26/10/19;;;;
Iuri Alcantara;10/2/23;;;;
Ildemar Alcantara;30/6/23;;;;
Alfonso Alcarez;2/2/19;;;;
Gilbert Aldana;11/6/05;;;;
Irene Aldana;14/9/24;;;;
Hector Aldana;30/9/23;;;;
Jose Aldo;5/10/24;;;;
Jim Alers;5/6/22;;;;
John Alessio;5/12/08;;;;
Houston Alexander;18/11/22;;;;
Bill Algeo;15/4/23;;;;
Royce Alger;16/7/99;;;;
Amir Aliakbari;8/11/24;;;;
Sultan Aliev;20/4/19;;;;
John Allan;26/6/22;;;;
Arnold Allen;18/1/25;;;;
Brendan Allen;28/2/25;;;;
Ben Alloway;11/5/19;;;;
Ricardo Almeida;3/11/13;;;;
Thomas Almeida;11/4/25;;;;
Ericka Almeida;30/5/15;;;;
Mauricio Alonso;27/4/24;;;;
Sarah Alpar;30/1/25;;;;
Ali Alqaisi;17/1/25;;;;
Sean Alvarez;17/5/03;;;;
Eddie Alvarez;8/7/16;;;;
Joel Alvarez;14/12/24;;;;
Thiago Alves;27/4/24;;;;
Amilcar Alves;25/6/22;;;;
Warlley Alves;18/5/24;;;;
Rafael Alves;19/12/24;;;;
Sam Alvey;2/5/25;;;;
Adlan Amagov;21/8/16;;;;
Alen Amedovski;17/9/22;;;;
Hyder Amil;1/3/25;;;;
Makwan Amirkhani;3/5/25;;;;
Karl Amoussou;8/12/22;;;;
Eryk Anders;7/12/24;;;;
Matt Andersen;20/2/10;;;;
Lowell Anderson;24/11/99;;;;
Corey Anderson;22/3/24;;;;
Derek Anderson;9/9/23;;;;
Megan Anderson;6/3/21;;;;
Alex Andrade;12/7/09;;;;
Jessica Andrade;7/9/24;;;;
Viscardi Andrade;20/11/21;;;;
Jermaine Andre;4/10/06;;;;
Dylan Andrews;26/2/22;;;;
Reese Andy;27/12/08;;;;
Julius Anglickas;28/2/25;;;;
Collin Anglin;1/2/25;;;;
Yoji Anjo;16/12/00;;;;
Magomed Ankalaev;8/3/25;;;;
Gadzhimurad Antigulov;4/9/21;;;;
Adam Antolin;8/7/22;;;;
Azunna Anyanwu;8/11/19;;;;
Shinsho Anzai;31/12/23;;;;
Shinya Aoki;23/3/25;;;;
Josh Appelt;24/7/18;;;;
Romie Aram;20/2/04;;;;
Felipe Arantes;25/9/22;;;;
Igor Araujo;17/3/18;;;;
Viviane Araujo;16/11/24;;;;
Julio Arce;30/3/24;;;;
Art Arciniega;3/2/23;;;;
Andrei Arlovski;15/6/24;;;;
Austin Arnett;31/1/20;;;;
Eli Aronov;21/3/25;;;;
Akbarh Arreola;24/6/22;;;;
Matt Arroyo;31/1/09;;;;
Antonio Arroyo;18/9/21;;;;
Veta Arteaga;29/7/23;;;;
Cesar Arzamendia;17/12/22;;;;
Askar Askarov;24/11/23;;;;
Cyril Asker;10/2/18;;;;
Scott Askham;21/9/24;;;;
Ben Askren;17/4/21;;;;
Tom Aspinall;27/7/24;;;;
Junior Assuncao;30/11/18;;;;
Raphael Assuncao;11/3/23;;;;
Rich Attonito;10/12/11;;;;
Olivier Aubin-Mercier;24/11/23;;;;
Pat Audinwood;24/2/12;;;;
Marcus Aurelio;19/10/24;;;;
Blas Avena;19/6/13;;;;
Levi Avera;26/9/14;;;;
Chris Avila;14/9/24;;;;
Julia Avila;15/2/25;;;;
Saad Awad;29/1/22;;;;
Javy Ayala;21/2/20;;;;
Jessin Ayari;8/3/25;;;;
Abu Azaitar;21/10/23;;;;
Ottman Azaitar;14/12/24;;;;
Luiz Azeredo;2/4/11;;;;
Hunter Azure;2/5/25;;;;
Niklas Backstrom;15/1/22;;;;
Seth Baczynski;13/5/23;;;;
Ryan Bader;4/2/23;;;;
Izabela Badurek;27/3/21;;;;
Miguel Baeza;8/6/24;;;;
Ali Bagautinov;19/12/21;;;;
Mehdi Baghdad;7/3/25;;;;
Melsik Baghdasaryan;22/2/25;;;;
Siyar Bahadurzada;28/9/19;;;;
Ignacio Bahamondes;8/3/25;;;;
Shamar Bailey;4/10/14;;;;
Jordan Bailey;10/6/22;;;;
Scott Baker;4/10/97;;;;
Bryan Baker;18/12/21;;;;
Oluwale Bamgbose;22/3/25;;;;
Stephen Banaszak;20/11/15;;;;
Marcin Bandel;29/2/20;;;;
Humberto Bandenay;9/12/23;;;;
Tae Hyun Bang;3/9/16;;;;
Antonio Banuelos;7/8/14;;;;
Renan Barao;7/10/23;;;;
Maycee Barber;9/3/24;;;;
Bryan Barberena;16/3/24;;;;
Edson Barboza;18/5/24;;;;
Raoni Barcelos;18/1/25;;;;
Luke Barnatt;13/12/20;;;;
James Barnes;19/10/21;;;;
Nick Barnes;20/7/18;;;;
Josh Barnett;24/2/24;;;;
Chris Barnett;26/10/24;;;;
David Baron;15/2/14;;;;
Phil Baroni;3/12/21;;;;
Carlos Barreto;21/5/05;;;;
Peter Barrett;15/11/24;;;;
Marc-Andre Barriault;2/11/24;;;;
Alexandre Barros;8/11/20;;;;
Francimar Barroso;11/6/24;;;;
Pat Barry;30/12/22;;;;
Enrique Barzola;23/8/24;;;;
Stephen Bass;23/8/16;;;;
Shayna Baszler;25/2/17;;;;
Michel Batista;19/10/19;;;;
Alan Baudot;25/6/22;;;;
Mario Bautista;5/10/24;;;;
Rudy Bears;4/11/16;;;;
Salvador Becerra;15/3/25;;;;
Ariel Beck;28/10/23;;;;
Eric Bedard;3/8/18;;;;
Johnny Bedford;20/8/21;;;;
Chase Beebe;13/9/14;;;;
Mirsad Bektic;19/9/20;;;;
Diana Belbita;5/4/25;;;;
Alan Belcher;2/3/24;;;;
Vitor Belfort;1/4/23;;;;
Danilo Belluardo;6/2/21;;;;
Joey Beltran;18/11/22;;;;
Marco Beltran;30/11/24;;;;
Joseph Benavidez;6/3/21;;;;
Dave Beneteau;23/6/01;;;;
Karla Benitez;4/8/23;;;;
Gabriel Benitez;27/4/24;;;;
Deanna Bennett;7/4/23;;;;
Lance Benoist;7/6/14;;;;
Ryan Benoit;27/8/22;;;;
Steve Berger;11/10/13;;;;
Keith Berish;9/12/16;;;;
Dennis Bermudez;21/6/19;;;;
Manny Bermudez;8/2/20;;;;
Talita Bernardo;13/12/24;;;;
Dave Berry;20/9/96;;;;
Keith Berry;14/12/19;;;;
Edson Berto;8/11/13;;;;
Allen Berube;23/6/07;;;;
Scott Bessac;16/12/95;;;;
Matt Bessette;17/9/21;;;;
David Bielkheden;11/5/19;;;;
Anthony Birchak;23/10/21;;;;
Michael Bisping;25/11/17;;;;
Amaury Bitetti;15/12/01;;;;
Simon Biyong;22/3/25;;;;
Jan Blachowicz;22/3/25;;;;
Jason Black;20/10/07;;;;
Brad Blackburn;19/2/11;;;;
Tom Blackledge;26/2/11;;;;
Da'Mon Blackshear;26/4/25;;;;
Maximo Blanco;17/9/16;;;;
David Blanco;19/9/15;;;;
Curtis Blaydes;27/7/24;;;;
Arlene Blencowe;22/6/24;;;;
Byron Bloodworth;29/12/12;;;;
Dan Bobish;19/10/07;;;;
Mark Bocek;16/4/14;;;;
Kyle Bochniak;24/6/22;;;;
James Bochnovic;2/11/19;;;;
Tim Boetsch;9/3/19;;;;
Galore Bofando;22/6/19;;;;
Jay Bogan;22/10/16;;;;
Roman Bogatov;11/12/21;;;;
Derek Bohi;23/12/16;;;;
Jerry Bohlander;20/3/04;;;;
Mandy Bohm;15/11/24;;;;
Kotetsu Boku;21/11/20;;;;
Gaston Bolanos;3/5/25;;;;
Kyle Bolt;15/11/14;;;;
Luc Bondole;20/7/18;;;;
Tony Bonello;5/4/14;;;;
Jesse Bongfeldt;12/4/19;;;;
Marcos Bonilla;23/9/17;;;;
Stephan Bonnar;15/11/14;;;;
Rogerio Bontorin;25/10/24;;;;
Ray Borg;11/3/22;;;;
Tanner Boser;5/8/23;;;;
Steve Bosse;20/7/18;;;;
Marcus Bossett;7/12/96;;;;
Poliana Botelho;28/9/22;;;;
Roy Boughton;17/6/16;;;;
Tai Bowden;7/12/96;;;;
Melton Bowen;16/12/94;;;;
Brian Bowles;25/5/13;;;;
Roger Bowling;28/10/16;;;;
Kyle Bradley;9/1/16;;;;
Paul Bradley;30/8/18;;;;
Sean Brady;22/3/25;;;;
Ebenezer Fontes Braga;15/5/04;;;;
Ramiz Brahimaj;16/11/24;;;;
Joe Brammer;12/11/10;;;;
David Branch;14/12/19;;;;
Diego Brandao;14/3/25;;;;
Martin Bravo;18/6/23;;;;
Mike Breeden;22/3/25;;;;
Tom Breese;13/4/25;;;;
Chris Brennan;30/6/12;;;;
Charlie Brenneman;8/11/14;;;;
Jason Brilz;24/4/15;;;;
Marcus Brimage;27/1/23;;;;
Aaron Brink;9/6/19;;;;
Mike Bronzoulis;8/12/18;;;;
Jonathan Brookins;11/4/25;;;;
Will Brooks;8/4/17;;;;
Jarred Brooks;20/2/25;;;;
Rob Broughton;12/6/15;;;;
Matt Brown;13/5/23;;;;
Todd Brown;13/4/13;;;;
Frederick Brown;2/11/19;;;;
Randy Brown;16/12/23;;;;
Damien Brown;12/10/19;;;;
Travis Browne;8/7/17;;;;
Jules Bruchez;18/6/22;;;;
Steve Bruno;2/11/12;;;;
Fernando Bruno;29/6/24;;;;
Derek Brunson;17/11/24;;;;
Josh Bryant;16/5/14;;;;
Justin Buchholz;16/5/18;;;;
Zak Bucia;6/5/23;;;;
Joaquin Buckley;14/12/24;;;;
Julia Budd;16/6/23;;;;
Mayra Bueno Silva;1/2/25;;;;
Paul Buentello;7/10/06;;;;
Modestas Bukauskas;22/2/25;;;;
Shawn Bunch;20/5/22;;;;
Shane Burgos;23/8/23;;;;
Joshua Burkman;21/6/19;;;;
Justin Burlinson;26/4/25;;;;
Mads Burnell;18/4/25;;;;
Mikey Burnett;9/6/06;;;;
Kevin Burns;15/12/12;;;;
Gilbert Burns;7/9/24;;;;
Josh Burns;3/8/24;;;;
Herbert Burns;2/11/24;;;;
Nah-Shon Burrell;3/8/24;;;;
Bubba Bush;24/10/15;;;;
Dakota Bush;1/11/24;;;;
Murilo Bustamante;31/3/12;;;;
Nick Bustamante;2/2/17;;;;
Eduardo Bustillos;21/6/19;;;;
Jason Butcher;20/7/24;;;;
Todd Butler;9/10/99;;;;
Ian Butler;2/11/24;;;;
Raphael Butler;29/1/16;;;;
Dennis Buzukja;2/11/24;;;;
Charles Byrd;6/6/20;;;;
Steve Byrnes;27/1/08;;;;
Yan Cabral;25/10/14;;;;
Alvin Cacdac;2/2/17;;;;
Alex Caceres;11/5/24;;;;
Vince Cachero;27/2/21;;;;
Priscila Cachoeira;15/3/25;;;;
Darrion Caldwell;4/2/23;;;;
Cynthia Calvillo;7/9/24;;;;
Joe Camacho;2/11/13;;;;
Frank Camacho;13/10/23;;;;
Fabricio Camoes;25/10/14;;;;
Chris Camozzi;25/10/24;;;;
Brian Camozzi;18/2/18;;;;
Shane Campbell;15/12/23;;;;
Charlie Campbell;6/4/24;;;;
John Campetella;12/7/96;;;;
Wagner Campos;1/2/15;;;;
Derek Campos;10/6/23;;;;
Will Campuzano;4/12/10;;;;
Aleksa Camur;26/9/20;;;;
Chico Camus;15/12/17;;;;
Luiz Cane;28/4/17;;;;
Guido Cannetti;13/11/24;;;;
Jared Cannonier;15/2/25;;;;
Steve Cantwell;25/2/12;;;;
Frank Caracci;9/1/09;;;;
Bryan Caraway;27/7/19;;;;
Remo Cardarelli;21/4/17;;;;
Chris Cariaso;3/10/15;;;;
Rafael Carino;2/7/05;;;;
Don Carlo-Clauss;22/9/12;;;;
Spike Carlyle;29/3/25;;;;
Francis Carmont;19/11/16;;;;
Liz Carmouche;11/4/25;;;;
Roan Carneiro;30/11/19;;;;
Ariane Carnelossi;18/5/24;;;;
Luana Carolina;1/3/25;;;;
Tim Caron;24/2/24;;;;
Gabriel Carrasco;3/5/14;;;;
Cody Carrillo;29/10/22;;;;
Cain Carrizosa;29/1/22;;;;
Roger Carroll;17/10/14;;;;
Jonny Carson;3/4/15;;;;
Shonie Carter;9/9/17;;;;
Bruno Carvalho;20/4/24;;;;
Antonio Carvalho;16/3/13;;;;
Rafael Carvalho;13/9/14;;;;
Shane Carwin;11/6/11;;;;
Johnny Case;9/6/24;;;;
Kevin Casey;15/8/21;;;;
Cortney Casey;9/7/22;;;;
Brandon Cash;13/5/23;;;;
Dwayne Cason;17/10/97;;;;
John Castaneda;26/4/25;;;;
Gil Castillo;1/4/06;;;;
Danny Castillo;19/12/15;;;;
Nick Catone;1/2/14;;;;
Luke Caudillo;29/6/12;;;;
Rafael Cavalcante;1/7/17;;;;
Magnus Cedenblad;19/11/16;;;;
Yosdenis Cedeno;21/6/24;;;;
Henry Cejudo;22/2/25;;;;
Adam Cella;24/10/20;;;;
Donald Cerrone;2/7/22;;;;
Jared Chaffee;16/7/21;;;;
Luan Chagas;21/4/18;;;;
Ansar Chalangov;3/12/09;;;;
Alex Chambers;22/9/18;;;;
Michael Chandler;12/4/25;;;;
Donnie Chappell;27/7/97;;;;
Joe Charles;24/9/00;;;;
Dan Charles;17/3/18;;;;
Ernest Chavez;11/12/15;;;;
Emilio Chavez;31/5/24;;;;
Danny Chavez;18/6/22;;;;
Albert Cheng;11/2/17;;;;
Fabio Cherant;23/11/24;;;;
Macy Chiasson;29/6/24;;;;
Michael Chiesa;7/12/24;;;;
Giga Chikadze;26/4/25;;;;
Khamzat Chimaev;26/10/24;;;;
John Cholish;18/5/13;;;;
Ryo Chonan;20/10/13;;;;
Will Chope;26/4/25;;;;
Joachim Christensen;6/11/21;;;;
Dan Christison;26/2/10;;;;
Anthony Christodoulou;5/5/18;;;;
Steven Ciaccio;28/8/15;;;;
Mike Ciesnolevicz;28/5/11;;;;
Hannah Cifers;12/9/20;;;;
Misha Cirkunov;15/10/22;;;;
Johnny Cisneros;31/7/21;;;;
Laverne Clark;15/3/14;;;;
Logan Clark;5/10/13;;;;
Mychal Clark;10/6/16;;;;
Dominic Clark;1/10/22;;;;
Heather Clark;21/7/18;;;;
Devin Clark;10/2/24;;;;
Jessica-Rose Clark;14/12/24;;;;
Mitch Clarke;9/9/17;;;;
Rich Clementi;27/9/13;;;;
Chris Clements;25/4/15;;;;
Mark Climaco;13/9/24;;;;
Josh Clopton;3/8/13;;;;
Brian Cobb;4/8/16;;;;
Darryl Cobb;13/7/19;;;;
Dakota Cochrane;18/4/25;;;;
Marloes Coenen;3/3/17;;;;
John Cofer;14/6/13;;;;
Chris Coggins;11/2/17;;;;
Wayne Cole;31/1/15;;;;
Ivan Cole;27/3/15;;;;
Mark Coleman;6/2/10;;;;
Cortez Coleman;18/5/24;;;;
Clay Collard;18/4/25;;;;
Jake Collier;18/1/25;;;;
Christian Colombo;9/6/18;;;;
Wes Combs;10/9/21;;;;
Carlos Condit;2/11/24;;;;
Chris Condo;7/5/99;;;;
Tristan Connelly;12/10/22;;;;
Jonathan Contrestano;13/2/15;;;;
Bob Cook;10/3/00;;;;
Chad Cook;21/10/16;;;;
Brett Cooper;1/7/22;;;;
Kit Cope;8/9/12;;;;
Chris Cope;12/9/15;;;;
Josh Copeland;22/9/23;;;;
Akira Corassani;24/1/15;;;;
Daniel Cormier;15/8/20;;;;
Henry Corrales;24/2/24;;;;
Bethe Correia;2/10/21;;;;
Wesley Correira;22/4/16;;;;
Tracy Cortez;13/7/24;;;;
Louis Cosce;27/5/23;;;;
Orion Cosce;20/5/23;;;;
Paulo Costa;1/6/24;;;;
Randy Costa;14/6/25;;;;
Patrick Cote;8/4/17;;;;
Rashad Coulter;2/11/24;;;;
Randy Couture;30/4/11;;;;
Ryan Couture;15/11/18;;;;
Colby Covington;14/12/24;;;;
Jeff Cox;11/4/09;;;;
Nathan Coy;15/4/17;;;;
Andrew Craig;15/7/15;;;;
Paul Craig;16/11/24;;;;
Dan Cramer;5/9/14;;;;
Alberto Crane;17/7/11;;;;
Tim Credeur;10/12/08;;;;
Paul Creighton;10/5/02;;;;
Kevin Croom;20/10/23;;;;
Kiefer Crosbie;27/7/24;;;;
Jeff Crotty;23/7/16;;;;
Allen Crowder;22/6/19;;;;
Daron Cruickshank;6/8/21;;;;
Jimmy Crute;8/2/25;;;;
Marcio Cruz;2/11/12;;;;
Dominick Cruz;11/4/09;;;;
Aalon Cruz;15/4/17;;;;
Jay Cucciniello;15/7/15;;;;
Zak Cummings;16/11/24;;;;
Everett Cummings;5/9/14;;;;
Patrick Cummins;17/7/11;;;;
Luke Cummo;10/12/08;;;;
Jeff Curran;10/5/02;;;;
Kailin Curran;20/10/23;;;;
Pat Curran;27/7/24;;;;
Ion Cutelaba;23/7/16;;;;
Sarah D'Alelio;22/6/19;;;;
Marcos Da Matta;6/8/21;;;;
Henrique Da Silva;8/2/25;;;;
Nicolas Dalby;2/11/12;;;;
Paul Daley;13/5/22;;;;
Aisling Daly;24/10/15;;;;
Marko Damiani;10/4/15;;;;
Rodrigo Damm;31/1/15;;;;
Cindy Dandois;16/10/21;;;;
Peter Danesoe;28/10/23;;;;
Jarjis Danho;16/4/22;;;;
Raymond Daniels;29/7/23;;;;
Alexandre Dantas;15/9/07;;;;
Eduardo Dantas;22/4/23;;;;
Mac Danzig;6/12/13;;;;
Beneil Dariush;2/12/23;;;;
Sean Daugherty;17/11/01;;;;
Kyle Daukaus;14/6/24;;;;
Chris Daukaus;16/8/24;;;;
Brian Davidson;3/5/25;;;;
Rick Davis;27/5/06;;;;
Marcus Davis;14/3/25;;;;
Phil Davis;1/5/25;;;;
Mike Davis;1/2/25;;;;
Alexis Davis;5/2/22;;;;
Mike Davis;18/6/09;;;;
Hakeem Dawodu;12/8/23;;;;
Grant Dawson;18/1/25;;;;
Jason Day;17/6/11;;;;
Martin Day;4/11/23;;;;
Yorgan De Castro;12/4/25;;;;
Philip De Fries;16/11/24;;;;
Chris De La Rocha;15/12/18;;;;
Montana De La Rosa;8/6/24;;;;
Mark De La Rosa;13/6/20;;;;
Mike De La Torre;18/5/18;;;;
Edilberto De Oliveira;6/5/16;;;;
Isabela De Padua;24/9/22;;;;
Gloria De Paula;23/8/24;;;;
Germaine De Randamie;6/4/24;;;;
Reinier De Ridder;3/5/25;;;;
Tom Deblass;14/11/20;;;;
Shane Del Rosario;15/12/12;;;;
Humberto Deleon;13/5/16;;;;
Israel Delgado;8/3/24;;;;
Roland Delorme;15/8/15;;;;
Jon Delos Reyes;24/10/15;;;;
Jason Delucia;27/11/06;;;;
Chris Dempsey;22/12/23;;;;
Nick Denis;5/5/12;;;;
Jason Dent;12/5/12;;;;
Mackenzie Dern;11/1/25;;;;
Tony Desouza;13/12/12;;;;
Edwin Dewees;11/10/14;;;;
Alessio Di Chirico;3/9/22;;;;
Cyrille Diabate;8/3/14;;;;
Marc Diakiese;18/4/25;;;;
Tyler Diamond;23/8/24;;;;
Rafael Dias;12/12/15;;;;
Hacran Dias;8/9/24;;;;
Nick Diaz;25/9/21;;;;
Nate Diaz;6/7/24;;;;
Ryan Diaz;31/5/13;;;;
Mark Dickman;30/10/20;;;;
Josh Diekmann;4/11/16;;;;
Rico Disciullo;1/2/25;;;;
Anthony Do;29/3/24;;;;
Russell Doane;4/11/23;;;;
Drew Dober;29/3/25;;;;
Shana Dobson;20/2/21;;;;
David Dodd;29/11/00;;;;
John Dodson;4/5/25;;;;
Joe Doerksen;19/9/14;;;;
Roman Dolidze;15/3/25;;;;
Cameron Dollar;23/3/13;;;;
Cody Donovan;19/7/14;;;;
Houston Dorr;23/8/96;;;;
Rafael Dos Anjos;26/10/24;;;;
Junior Dos Santos;2/3/24;;;;
Anderson Dos Santos;2/12/23;;;;
Tiago Dos Santos E Silva;6/8/22;;;;
Jordan Dowdy;20/2/21;;;;
Derek Downey;30/10/09;;;;
John Doyle;6/12/13;;;;
Tomasz Drwal;19/12/20;;;;
Robert Drysdale;22/7/16;;;;
Dricus Du Plessis;8/2/25;;;;
Hugo Duarte;5/3/00;;;;
Antonio Duarte;24/8/19;;;;
Joe Duarte;25/7/14;;;;
Emily Ducote;4/4/25;;;;
Milana Dudieva;20/9/24;;;;
Adin Duenas;18/11/17;;;;
Todd Duffee;27/4/24;;;;
Alexis Dufresne;3/6/17;;;;
Jessamyn Duke;18/7/15;;;;
Kelly Dullanty;10/6/00;;;;
Norma Dumont;14/9/24;;;;
Chris Duncan;2/3/25;;;;
Evan Dunham;6/6/20;;;;
Alex Dunworth;17/3/18;;;;
Tom Duquesnoy;28/10/17;;;;
Reuben Duran;4/6/16;;;;
Cody Durden;7/12/24;;;;
Merab Dvalishvili;14/9/24;;;;
David Dvorak;2/3/25;;;;
Matt Dwyer;25/2/23;;;;
Rolando Dy;22/10/22;;;;
Ben Earwood;10/11/01;;;;
Cody East;22/7/16;;;;
Marvin Eastman;28/9/13;;;;
Mike Easton;19/10/19;;;;
Brian Ebersole;24/6/16;;;;
Mark Eddiva;19/3/16;;;;
Frankie Edgar;12/11/22;;;;
Abdul-Kerim Edilov;3/11/21;;;;
Johnny Eduardo;10/2/23;;;;
Yves Edwards;28/7/24;;;;
Justin Edwards;3/7/19;;;;
Leon Edwards;22/3/25;;;;
Te Edwards;19/1/19;;;;
Joselyne Edwards;26/4/25;;;;
Tom Egan;14/3/14;;;;
Stephanie Egger;9/12/23;;;;
Justin Eilers;26/7/08;;;;
Per Eklund;21/2/09;;;;
John Paul Elias;17/6/16;;;;
Saul Elizondo;16/2/19;;;;
Darren Elkins;12/4/25;;;;
Jake Ellenberger;23/5/21;;;;
Joe Ellenberger;13/12/14;;;;
Tim Elliott;30/3/25;;;;
Lisa Ellis;4/11/16;;;;
Anna Elmose;19/11/16;;;;
Cameron Else;2/11/24;;;;
Aaron Ely;22/10/22;;;;
Sovannahry Em;29/1/21;;;;
Ramazan Emeev;8/2/25;;;;
Fedor Emelianenko;4/2/23;;;;
Jamall Emmers;9/3/24;;;;
Josh Emmett;5/4/25;;;;
Marius Enache;23/10/15;;;;
Kevin Engel;16/4/22;;;;
Oliver Enkamp;12/5/23;;;;
Ian Entwistle;20/5/22;;;;
Andy Enz;31/1/15;;;;
Konstantin Erokhin;26/8/23;;;;
Julian Erosa;12/4/25;;;;
Chel Erwin-Davis;24/5/19;;;;
Bobby Escalante;18/3/17;;;;
Cole Escovedo;12/11/11;;;;
Efrain Escudero;25/7/24;;;;
Carla Esparza;5/10/24;;;;
Juan Espino;23/3/24;;;;
Jordan Espinosa;20/5/22;;;;
Jodie Esquibel;27/8/21;;;;
Terry Etim;22/11/13;;;;
Fred Ettish;15/8/09;;;;
Scott Ettling;10/5/24;;;;
Sijara Eubanks;18/12/21;;;;
Rashad Evans;28/1/22;;;;
Ashlee Evans-Smith;15/7/23;;;;
Dan Evensen;1/5/09;;;;
Tonya Evinger;1/6/19;;;;
Movsar Evloev;7/12/24;;;;
Andre Ewell;23/2/24;;;;
Neal Ewing;27/3/15;;;;
Jessica Eye;2/7/22;;;;
Edward Faaloloto;28/7/13;;;;
Urijah Faber;2/8/24;;;;
Melinda Fabian;15/12/23;;;;
Wagnney Fabiano;21/12/14;;;;
Bartosz Fabinski;20/1/24;;;;
Ron Faircloth;28/5/11;;;;
Jason Fairn;6/3/10;;;;
Maiquel Falcao;16/10/21;;;;
Brodie Farber;1/9/18;;;;
Joao Paulo Faria;15/11/14;;;;
Kalindra Faria;22/2/25;;;;
Kelly Faszholz;20/5/17;;;;
Paul Felder;14/11/20;;;;
Carlos Felipe;2/11/24;;;;
Kevin Ferguson;27/4/19;;;;
Tony Ferguson;3/8/24;;;;
Josh Ferguson;1/2/20;;;;
Cj Fernandes;23/1/09;;;;
Bibiano Fernandes;20/2/25;;;;
Alexandre Ferreira;13/11/10;;;;
Cezar Ferreira;14/4/23;;;;
Diego Ferreira;18/1/25;;;;
Scott Ferrozzo;7/2/97;;;;
Andre Fialho;18/5/24;;;;
Drew Fickett;13/5/23;;;;
Scott Fiedler;12/7/96;;;;
Deiveson Figueiredo;3/5/25;;;;
Francisco Figueiredo;26/4/25;;;;
Edwin Figueroa;24/6/16;;;;
Andre Fili;22/2/25;;;;
Mirko Filipovic;16/2/19;;;;
Luigi Fioravanti;4/12/15;;;;
Nick Fiore;8/2/25;;;;
Manon Fiorot;30/3/24;;;;
Spencer Fisher;22/6/12;;;;
Chris Fishgold;9/7/23;;;;
Bryanna Fissori;21/9/19;;;;
Jon Fitch;4/3/23;;;;
Rafael Fiziev;8/3/25;;;;
Colin Fletcher;9/3/18;;;;
Jimmy Flick;26/4/25;;;;
Kenny Florian;8/10/11;;;;
Bobby Flynn;23/9/23;;;;
Caros Fodor;30/6/17;;;;
Rob Font;22/2/25;;;;
Jesse Forbes;10/12/10;;;;
Codale Ford;1/2/19;;;;
Jussier Formiga;11/2/22;;;;
Renee Forte;15/3/14;;;;
Marcel Fortuna;18/9/21;;;;
Brian Foster;16/2/19;;;;
Xavier Foupa-Pokam;11/6/16;;;;
Mason Fowler;15/5/24;;;;
Hermes Franca;22/8/15;;;;
Francisco France;18/2/17;;;;
Rich Franklin;10/11/12;;;;
Zoila Frausto;7/12/13;;;;
Stephanie Frausto;12/8/21;;;;
Zane Frazier;26/1/08;;;;
Justin Frazier;22/6/19;;;;
Ian Freeman;27/7/13;;;;
Willamy Freire;7/11/13;;;;
Patricio Freire;12/4/25;;;;
Patricky Freire;21/6/24;;;;
Josh Fremd;13/7/24;;;;
Matt Frevola;28/9/24;;;;
Jinh Yu Frey;21/10/23;;;;
Sarah Frota;4/11/23;;;;
Don Frye;11/12/11;;;;
Tony Fryklund;28/3/13;;;;
Katsuhisa Fujii;28/2/10;;;;
Megumi Fujii;5/10/13;;;;
Riki Fukuda;15/7/17;;;;
Masio Fullen;22/5/22;;;;
Travis Fulton;30/11/19;;;;
Sam Fulton;27/7/97;;;;
Ricardo Funch;30/7/16;;;;
Claudia Gadelha;7/11/20;;;;
Justin Gaethje;8/3/25;;;;
Sheila Gaff;23/2/19;;;;
Muin Gafurov;18/1/25;;;;
Mitch Gagnon;4/5/19;;;;
Dave Galera;4/1/14;;;;
Zelg Galesic;12/7/14;;;;
Mickey Gall;16/11/24;;;;
Daniel Gallemore;9/4/21;;;;
Tom Gallicchio;6/6/21;;;;
Marcos Galvao;5/4/19;;;;
Joey Gambino;13/10/12;;;;
Mateusz Gamrot;17/8/24;;;;
Shamil Gamzatov;22/2/25;;;;
Ciryl Gane;7/12/24;;;;
Sean Gannon;4/10/05;;;;
Cody Garbrandt;13/4/24;;;;
Leonard Garcia;31/3/18;;;;
Edgar Garcia;29/7/16;;;;
Alejandro Garcia;2/12/23;;;;
Alex Garcia;18/5/19;;;;
Nick Garcia;15/6/13;;;;
Steve Garcia;7/9/24;;;;
Elias Garcia;7/9/19;;;;
Rafa Garcia;29/3/25;;;;
Pablo Garza;6/12/14;;;;
Azamat Gashimov;18/5/13;;;;
Brian Gassaway;29/6/13;;;;
Kelvin Gastelum;22/6/24;;;;
Willie Gates;3/12/16;;;;
Melissa Gatto;18/5/24;;;;
Louis Gaudinot;14/6/19;;;;
Chad George;13/4/19;;;;
Paul Georgieff;7/12/07;;;;
Brian Geraghty;13/3/10;;;;
Karine Gevorgyan;4/11/17;;;;
Tiki Ghosn;3/6/11;;;;
Christos Giagos;6/4/24;;;;
Joe Giannetti;15/3/24;;;;
James Giboo;19/4/08;;;;
Lance Gibson;10/11/01;;;;
Cody Gibson;15/3/25;;;;
Thomas Gifford;5/2/22;;;;
Joey Gilbert;27/10/01;;;;
Trevin Giles;2/11/24;;;;
Gregor Gillespie;8/5/21;;;;
Jason Gilliam;15/4/17;;;;
Bob Gilstrap;6/9/14;;;;
Billy Giovanella;2/11/18;;;;
Israel Giron;18/6/16;;;;
Brandon Girtz;25/10/24;;;;
Jason Glaza;28/11/15;;;;
Ricky Glenn;17/8/24;;;;
Mark Godbeer;10/6/22;;;;
Jason Godsey;6/5/06;;;;
Allan Goes;1/6/07;;;;
Hannah Goldy;12/4/24;;;;
Marcelo Golm;13/6/24;;;;
David Gomez;16/12/23;;;;
Ulysses Gomez;12/9/14;;;;
Joey Gomez;4/3/22;;;;
Takanori Gomi;23/6/24;;;;
Akihiro Gono;26/4/25;;;;
Gabriel Gonzaga;11/6/22;;;;
Justin Gonzales;28/6/24;;;;
Fernando Gonzalez;12/7/24;;;;
Nick Gonzalez;9/11/18;;;;
Fabian Gonzalez;16/1/15;;;;
Lewis Gonzalez;22/8/22;;;;
Jason Gonzalez;27/4/19;;;;
Pearl Gonzalez;31/5/24;;;;
Lyman Good;20/6/20;;;;
Jared Gooden;29/3/25;;;;
Gary Goodridge;17/12/10;;;;
Gerard Gordeau;7/2/95;;;;
Eddie Gordon;13/5/23;;;;
Jared Gordon;20/4/24;;;;
Malcolm Gordon;10/2/24;;;;
Alex Gorgees;23/2/19;;;;
Tim Gorman;25/10/14;;;;
Chase Gormley;4/10/19;;;;
Jonathan Goulet;21/10/10;;;;
Thibault Gouti;17/6/23;;;;
Wilson Gouveia;7/5/11;;;;
Justin Governale;14/5/22;;;;
Damian Grabowski;13/9/19;;;;
Royce Gracie;19/2/16;;;;
Daniel Gracie;14/5/11;;;;
Renzo Gracie;22/7/18;;;;
Ralek Gracie;21/1/17;;;;
Rolles Gracie;23/5/15;;;;
Roger Gracie;6/5/16;;;;
Igor Gracie;23/3/13;;;;
Neiman Gracie;23/8/24;;;;
Kron Gracie;7/12/24;;;;
Steven Graham;30/5/97;;;;
Miranda Granger;6/8/22;;;;
Davey Grant;14/12/24;;;;
Dwight Grant;28/2/25;;;;
Alexa Grasso;14/9/24;;;;
Tony Gravely;11/3/23;;;;
Michael Graves;20/10/17;;;;
Desmond Green;16/6/23;;;;
Maurice Greene;22/3/25;;;;
Matt Grice;23/2/13;;;;
Forrest Griffin;7/7/12;;;;
Tyson Griffin;24/8/18;;;;
Max Griffin;7/12/24;;;;
Jordan Griffin;13/1/24;;;;
Chad Griggs;17/11/12;;;;
Maxim Grishin;15/12/24;;;;
Josh Grispi;16/2/13;;;;
Garrett Gross;27/2/21;;;;
Kendall Grove;21/1/23;;;;
Neil Grove;27/9/14;;;;
Chris Gruetzemacher;4/12/21;;;;
Vik Grujic;28/1/17;;;;
Mike Grundy;30/9/23;;;;
Nandor Guelmino;20/1/18;;;;
Shannon Gugerty;21/7/12;;;;
Clay Guida;7/12/24;;;;
Jason Guida;28/5/22;;;;
Melvin Guillard;17/10/19;;;;
Marcelo Guimaraes;5/3/16;;;;
Leonardo Guimaraes;14/12/24;;;;
Brad Gumm;13/8/04;;;;
John Gunderson;6/6/14;;;;
John Gunther;10/11/18;;;;
Jorge Gurgel;28/2/14;;;;
Fabio Gurgel;19/10/13;;;;
Andre Gusmao;15/4/11;;;;
Alexander Gustafsson;23/7/22;;;;
Justin Guthrie;21/5/16;;;;
Horacio Gutierrez;13/12/19;;;;
Chris Gutierrez;26/4/25;;;;
Keith Hackney;16/12/95;;;;
Jake Hadley;11/4/25;;;;
Damir Hadzovic;1/2/25;;;;
Tim Hague;15/7/16;;;;
Stoney Hale;3/7/15;;;;
Kevin Haley;26/7/19;;;;
Mark Hall;6/10/01;;;;
Uriah Hall;2/7/22;;;;
Ryan Hall;11/12/21;;;;
Dennis Hallman;19/11/15;;;;
Piotr Hallmann;8/2/25;;;;
Tony Halme;30/5/97;;;;
Brandon Halsey;31/12/18;;;;
John Halverson;3/8/12;;;;
Seo Hee Ham;29/9/23;;;;
Frank Hamaker;11/3/94;;;;
Matt Hamill;14/4/18;;;;
Anthony Hamilton;11/3/22;;;;
Jared Hamman;11/10/14;;;;
James Hammortree;28/4/12;;;;
Dean Hancock;17/3/22;;;;
Kay Hansen;28/6/24;;;;
Nasrat Haqparast;1/3/25;;;;
Janay Harding;16/9/23;;;;
Antoni Hardonk;24/10/09;;;;
George Hardwick;21/3/25;;;;
Dan Hardy;29/9/12;;;;
Greg Hardy;5/3/22;;;;
Gerald Harris;23/11/19;;;;
Phil Harris;23/3/24;;;;
Walt Harris;5/6/21;;;;
Collin Hart;1/6/19;;;;
Dale Hartt;18/6/10;;;;
Clay Harvison;12/10/19;;;;
Chris Haseman;23/11/02;;;;
Hayder Hassan;14/12/19;;;;
John Hathaway;17/6/23;;;;
Phil Hawes;13/1/24;;;;
Tommy Hayden;4/11/17;;;;
Mike Hayes;6/8/16;;;;
Josh Haynes;27/8/10;;;;
Dustin Hazelett;11/12/10;;;;
James Head;28/8/13;;;;
Pat Healy;12/5/19;;;;
Ryan Healy;31/5/20;;;;
David Heath;8/12/12;;;;
Chris Heatherly;24/6/16;;;;
Jake Hecht;8/6/12;;;;
Nick Hein;1/6/19;;;;
Ian Heinisch;24/7/21;;;;
Marcin Held;20/8/22;;;;
Delson Heleno;24/2/19;;;;
Matt Helm;12/3/16;;;;
Dan Henderson;8/10/16;;;;
Benson Henderson;10/3/23;;;;
Ron Henderson;16/10/21;;;;
Josh Hendricks;14/3/14;;;;
Johny Hendricks;9/11/18;;;;
Cory Hendricks;1/4/23;;;;
Danny Henry;11/7/20;;;;
Jai Herbert;22/3/25;;;;
Ed Herman;15/4/23;;;;
Dave Herman;16/5/14;;;;
Jack Hermansson;10/2/24;;;;
Noe Hernandez;8/3/06;;;;
Joe Hernandez;26/1/18;;;;
Ramiro Hernandez;6/5/22;;;;
Alexander Hernandez;15/3/25;;;;
Anthony Hernandez;22/2/25;;;;
Nohelin Hernandez;28/5/22;;;;
Paul Herrera;9/11/02;;;;
Chris Herrera;21/8/22;;;;
Geane Herrera;5/11/22;;;;
Felice Herrig;22/7/23;;;;
Heath Herring;16/4/17;;;;
Clint Hester;23/4/16;;;;
Brandon Hester;19/12/19;;;;
Jay Hieron;2/2/13;;;;
Jason High;16/12/21;;;;
Richie Hightower;7/5/10;;;;
Alex Higley;31/3/18;;;;
Corey Hill;6/2/15;;;;
Angela Hill;15/2/25;;;;
Tyler Hill;1/2/25;;;;
Jamahal Hill;18/1/25;;;;
Branden Lee Hinkle;18/5/12;;;;
Hatsu Hioki;26/4/25;;;;
Kuniyoshi Hironaka;5/12/10;;;;
Mizuto Hirota;28/7/19;;;;
Kwan Ho Kwak;17/6/17;;;;
Matt Hobar;6/12/14;;;;
Bobby Hoffman;12/8/06;;;;
Sam Hoger;5/6/10;;;;
Andrew Holbrook;2/9/17;;;;
Sean Holden;30/11/18;;;;
Chris Holdsworth;24/5/14;;;;
Kevin Holland;22/3/25;;;;
Roger Hollett;18/5/13;;;;
Max Holloway;26/10/24;;;;
Gabrielle Holloway;29/6/24;;;;
Jeremie Holloway;17/5/24;;;;
Holly Holm;13/4/24;;;;
Rex Holman;3/3/07;;;;
Joseph Holmes;6/5/23;;;;
Kurt Holobaugh;15/3/25;;;;
Mark Holst;8/7/16;;;;
Scott Holtzman;3/12/22;;;;
Sabah Homasi;4/4/25;;;;
Mark Hominick;17/11/12;;;;
Barb Honchak;6/7/18;;;;
Chris Honeycutt;2/11/24;;;;
Satoshi Honma;4/7/04;;;;
Dan Hooker;17/8/24;;;;
Chase Hooper;12/4/25;;;;
Darrell Horcher;11/5/24;;;;
Moti Horenstein;20/12/01;;;;
Yoshinori Horie;24/2/24;;;;
Kyoji Horiguchi;31/12/24;;;;
Jeremy Horn;30/10/21;;;;
Chris Horodecki;4/11/16;;;;
Matt Horwich;20/5/17;;;;
Saeed Hosseini;30/5/97;;;;
Jeff Hougland;10/11/12;;;;
Trey Houston;2/12/16;;;;
Brian Houston;21/6/24;;;;
Harold Howard;14/8/96;;;;
John Howard;3/5/24;;;;
Shane Howell;19/9/15;;;;
Carlos Huachin;24/4/25;;;;
Austin Hubbard;29/3/25;;;;
Alex Huddleston;27/4/19;;;;
Roger Huerta;28/9/24;;;;
Matt Hughes;24/9/11;;;;
Mark Hughes;2/8/03;;;;
Jeff Hughes;23/10/21;;;;
Sam Hughes;15/3/25;;;;
Harry Hunsucker;13/8/22;;;;
Mark Hunt;2/12/18;;;;
Alex Hunter;17/10/97;;;;
Solomon Hutcherson;21/6/13;;;;
Al Iaquinta;6/11/21;;;;
Khadis Ibragimov;19/6/21;;;;
Minoki Ichihara;7/9/95;;;;
Dan Ige;12/4/25;;;;
Valeri Ignatov;16/11/96;;;;
Fabiano Iha;9/11/02;;;;
Zelim Imadaev;3/10/20;;;;
Masakazu Imanari;24/2/24;;;;
Nassourdine Imavov;1/2/25;;;;
Brad Imes;12/9/09;;;;
Chris Indich;18/5/12;;;;
Guto Inocente;5/4/25;;;;
Enson Inoue;25/4/10;;;;
Naoki Inoue;29/3/25;;;;
James Irvin;29/4/12;;;;
Eric Irvin;12/3/16;;;;
Teruto Ishihara;28/12/24;;;;
Satoshi Ishii;18/8/23;;;;
Damir Ismagulov;20/12/24;;;;
Wallid Ismail;31/12/02;;;;
Leandro Issa;21/10/22;;;;
Blagoy Ivanov;4/4/24;;;;
Anthony Ivy;2/8/24;;;;
Yoislandy Izquierdo;28/6/19;;;;
Yves Jabouin;23/8/15;;;;
Kevin Jackson;15/5/98;;;;
Eugene Jackson;29/9/07;;;;
Quinton Jackson;28/12/19;;;;
Jeremy Jackson;11/11/06;;;;
Damon Jackson;16/11/24;;;;
Kenyon Jackson;20/11/15;;;;
Mike Jackson;15/10/22;;;;
Jason Jackson;3/4/25;;;;
Montel Jackson;3/5/25;;;;
Dustin Jacoby;14/12/24;;;;
Justin James;6/10/07;;;;
Nate James;19/9/14;;;;
Virna Jandiroba;12/4/25;;;;
Ryan Janes;1/12/17;;;;
Dave Jansen;20/5/16;;;;
Jaime Jara;21/3/15;;;;
Keith Jardine;14/7/12;;;;
Brock Jardine;18/9/15;;;;
Justin Jaynes;7/3/25;;;;
Joanna Jedrzejczyk;11/6/22;;;;
Trent Jenkins;15/3/07;;;;
Bubba Jenkins;28/6/24;;;;
Adrienna Jenkins;28/8/15;;;;
Steve Jennum;22/2/97;;;;
Ryan Jensen;4/4/15;;;;
Maciej Jewtuszko;16/3/24;;;;
Ronald Jhun;2/2/19;;;;
Gilbert Jimenez;16/7/16;;;;
Art Jimmerson;12/11/93;;;;
Ryan Jimmo;30/5/15;;;;
Sung Bin Jo;8/6/23;;;;
Carls John De Tomas;21/1/24;;;;
Phil Johns;18/3/06;;;;
Brett Johns;28/6/24;;;;
Miles Johns;14/12/24;;;;
Anthony Johnson;7/5/21;;;;
Damarques Johnson;7/8/15;;;;
Tony Johnson;10/3/23;;;;
Lavar Johnson;23/11/24;;;;
Demetrious Johnson;5/5/23;;;;
Michael Johnson;14/12/24;;;;
Kajan Johnson;15/9/18;;;;
Dashon Johnson;5/3/22;;;;
Timothy Johnson;1/5/25;;;;
Tony Johnson;16/8/24;;;;
Jordan Johnson;31/12/19;;;;
Taylor Johnson;8/6/23;;;;
Brian Johnston;27/7/97;;;;
Liana Jojua;14/12/24;;;;
Daniel Jolly;5/9/19;;;;
Paul Jones;25/11/00;;;;
Jon Jones;16/11/24;;;;
Nathan Jones;19/11/22;;;;
Marcus Jones;5/12/09;;;;
Justin Jones;3/11/16;;;;
Victor Jones;22/4/17;;;;
Chris Jones;2/12/16;;;;
Roshaun Jones;5/11/16;;;;
Jamelle Jones;23/9/22;;;;
Antonio Jones;23/9/23;;;;
Trevin Jones;10/8/24;;;;
Mason Jones;3/5/25;;;;
Jocelyn Jones-Lybarger;15/1/17;;;;
Kevin Jordan;24/11/10;;;;
Joe Jordan;30/11/12;;;;
Shawn Jordan;22/6/18;;;;
Ivan Jorge;9/7/16;;;;
Scott Jorgensen;21/11/15;;;;
Jeff Joslin;13/12/06;;;;
Krzysztof Jotko;30/12/24;;;;
Alan Jouban;6/6/15;;;;
Charles Jourdain;2/11/24;;;;
Jesse Juarez;21/8/16;;;;
Steve Judson;10/3/00;;;;
Luke Jumeau;5/10/19;;;;
Chan Sung Jung;26/8/23;;;;
Scott Junk;25/9/11;;;;
Myles Jury;25/6/21;;;;
Cristiane Justino;20/3/25;;;;
Emily Kagan;10/12/15;;;;
Oron Kahlon;15/12/22;;;;
Sirwan Kakai;16/9/16;;;;
Geza Kalman;23/8/08;;;;
Shuya Kamikubo;21/2/25;;;;
Martin Kampmann;28/8/13;;;;
Masanori Kanehara;29/4/24;;;;
Denis Kang;31/12/12;;;;
Kyung Ho Kang;22/6/24;;;;
Manel Kape;1/3/25;;;;
David Kaplan;9/7/10;;;;
Georgi Karakhanyan;23/9/22;;;;
Alex Karalexis;10/6/11;;;;
Impa Kasanganay;18/4/25;;;;
Nadia Kassem;5/10/19;;;;
Yusuke Kasuya;8/3/25;;;;
Hisaki Kato;17/11/24;;;;
Brad Katona;10/5/25;;;;
Calvin Kattar;15/2/25;;;;
Sarah Kaufman;20/11/21;;;;
Canaan Kawaihae;14/3/25;;;;
Tatsuya Kawajiri;12/10/19;;;;
Ryo Kawamura;21/3/22;;;;
Julie Kedzie;6/12/13;;;;
Ryan Keenan;8/5/21;;;;
Chris Kelades;8/6/24;;;;
Brian Kelleher;20/7/24;;;;
Tony Kelley;18/6/22;;;;
Paul Kelly;7/3/20;;;;
John Kelly;17/9/11;;;;
Daniel Kelly;27/5/18;;;;
Tim Kennedy;10/12/16;;;;
Steve Kennedy;29/11/19;;;;
Jeremy Kennedy;3/4/25;;;;
Casey Kenney;7/8/21;;;;
Mark Kerr;28/8/09;;;;
Ron Keslar;19/1/19;;;;
Rustam Khabilov;9/11/19;;;;
Sergey Khandozhko;23/4/22;;;;
Sergei Kharitonov;25/5/24;;;;
Alfred Khashakyan;25/1/20;;;;
Pannie Kianzad;10/8/24;;;;
Katsunori Kikuno;26/12/21;;;;
Sanae Kikuta;23/12/14;;;;
Jacob Kilburn;13/8/22;;;;
Dong Hyun Kim;17/6/17;;;;
Ji Yeon Kim;13/5/23;;;;
So Yul Kim;26/11/22;;;;
Jeremy Kimball;14/9/19;;;;
Rob Kimmons;29/6/13;;;;
Dustin Kimura;13/12/14;;;;
Mike King;19/7/14;;;;
Kyle Kingsbury;26/7/14;;;;
Kamuela Kirk;8/11/24;;;;
Justine Kish;11/8/23;;;;
Koji Kitao;11/10/97;;;;
Ludovit Klein;28/9/24;;;;
Drakkar Klose;14/12/24;;;;
Kevin Knabjian;31/3/12;;;;
Jason Knight;15/11/24;;;;
William Knight;12/5/23;;;;
Isao Kobayashi;17/11/23;;;;
Erik Koch;27/7/19;;;;
Brad Kohler;8/9/12;;;;
John Kolosci;2/12/11;;;;
Yuki Kondo;30/4/05;;;;
Syuri Kondo;24/11/18;;;;
Cheick Kongo;6/5/22;;;;
Roman Kopylov;11/1/25;;;;
Andrey Koreshkov;3/4/25;;;;
Josh Koscheck;18/2/17;;;;
Naoyuki Kotani;22/12/24;;;;
Ilya Kotau;4/11/16;;;;
Karolina Kowalkiewicz;9/11/24;;;;
Steve Kozola;30/8/19;;;;
Derrick Krantz;29/10/21;;;;
James Krause;17/10/20;;;;
Pascal Krauss;31/8/13;;;;
Nikita Krylov;12/4/25;;;;
Michael Kuiper;11/4/09;;;;
Anton Kuivanen;11/9/21;;;;
Keigo Kunihara;7/10/05;;;;
Kiichi Kunimoto;22/2/25;;;;
Leo Kuntz;21/5/22;;;;
Kyle Kurtz;22/2/20;;;;
Guram Kutateladze;22/3/25;;;;
Mike Kyle;12/11/21;;;;
Josh Laberge;27/10/17;;;;
Jeremiah Labiano;31/3/23;;;;
Kemran Lachinov;6/5/21;;;;
Aspen Ladd;17/5/24;;;;
Ryan Laflare;6/10/18;;;;
Ben Lagman;28/9/13;;;;
Noad Lahat;20/3/21;;;;
Tina Lahdemaki;16/7/14;;;;
Tim Lajcik;5/7/02;;;;
Sean Lally;4/6/22;;;;
Ricardo Lamas;29/8/20;;;;
Jason Lambert;15/11/13;;;;
Nate Landwehr;7/12/24;;;;
Lionel Lanham;21/2/13;;;;
Lina Lansberg;18/2/23;;;;
Taylor Lapilus;28/9/24;;;;
Chad Laprise;8/12/18;;;;
Anthony Lapsley;15/10/22;;;;
Icho Larenas;10/10/09;;;;
Lorenz Larkin;7/9/24;;;;
Jeremy Larsen;19/10/13;;;;
Brock Larson;5/2/16;;;;
Bobby Lashley;21/10/16;;;;
Ilir Latifi;20/5/23;;;;
Sione Latu;5/3/99;;;;
Jenel Lausa;12/4/25;;;;
Joe Lauzon;18/10/19;;;;
Dan Lauzon;14/8/15;;;;
Muhammed Lawal;8/11/19;;;;
Robbie Lawler;8/7/23;;8/11/19;Peleador;òltima pelea
Tom Lawlor;17/6/21;;;;
Justin Lawrence;13/4/18;;;;
Ronnie Lawrence;17/6/23;;;;
Valmir Lazaro;1/4/22;;;;
Mounir Lazzez;21/1/23;;;;
Cung Le;23/8/14;;;;
Thanh Le;1/3/24;;;;
Jordan Leavitt;30/5/24;;;;
Chris Leben;5/2/21;;;;
Mickael Lebout;10/5/25;;;;
Stephen Ledbetter;23/7/11;;;;
Justin Ledet;31/10/20;;;;
James Lee;4/8/12;;;;
David Lee;5/3/16;;;;
Jackie Lee;7/2/97;;;;
Matt Lee;12/11/11;;;;
Vaughan Lee;24/3/18;;;;
Kevin Lee;1/7/23;;;;
Rocky Lee;1/9/19;;;;
Andrea Lee;1/3/25;;;;
Ricky Legere Jr.;7/3/25;;;;
Cheyden Leialoha;24/4/24;;;;
Thales Leites;22/9/18;;;;
Amanda Lemos;8/3/25;;;;
Christophe Leninger;24/3/01;;;;
Jesse Lennox;12/6/10;;;;
Nik Lentz;23/1/21;;;;
Victoria Leonardo;7/2/25;;;;
Anthony Leone;9/3/19;;;;
Chad Leonhardt;22/9/17;;;;
Kimo Leopoldo;6/10/06;;;;
Brock Lesnar;9/7/16;;;;
Frank Lester;29/3/24;;;;
Valerie Letourneau;15/12/18;;;;
Leah Letson;13/11/21;;;;
Justin Levens;18/10/07;;;;
Marcus Levesseur;8/12/12;;;;
David Levicki;19/2/95;;;;
John Lewis;17/11/00;;;;
Derrick Lewis;11/5/24;;;;
Bevon Lewis;16/11/24;;;;
Chi Lewis-Parry;25/9/20;;;;
Jess Liaudin;13/5/12;;;;
Chuck Liddell;24/11/18;;;;
Zach Light;5/8/11;;;;
Chris Liguori;7/12/12;;;;
Hyun Gyu Lim;18/11/18;;;;
Juliana Lima;2/7/20;;;;
Dhiego Lima;19/6/21;;;;
Douglas Lima;25/2/23;;;;
Matt Lindland;21/5/11;;;;
Jake Lindsey;16/8/24;;;;
John Lineker;23/3/25;;;;
Austin Lingo;2/8/24;;;;
Lucio Linhares;5/10/13;;;;
Philipe Lins;9/3/24;;;;
Dean Lister;29/8/15;;;;
Abner Lloveras;17/2/23;;;;
John Lober;29/11/09;;;;
Artem Lobov;19/6/21;;;;
Sean Loeffler;7/3/20;;;;
David Loiseau;7/6/14;;;;
Hector Lombard;10/11/23;;;;
Michael Lombardo;29/6/24;;;;
Dileno Lopes;6/5/23;;;;
Steve Lopez;6/10/12;;;;
Jorge Lopez;9/8/14;;;;
Matthew Lopez;8/12/18;;;;
Benito Lopez;5/11/22;;;;
Gustavo Lopez;30/12/23;;;;
Brendan Loughnane;29/11/24;;;;
Nate Loughran;7/8/14;;;;
Rashard Lovelace;2/11/18;;;;
Ian Loveland;6/2/16;;;;
Waylon Lowe;30/4/16;;;;
Brandon Lowe;13/5/23;;;;
Robert Lucarelli;11/3/94;;;;
Matt Lucas;16/6/12;;;;
Cleber Luciano;6/11/21;;;;
Duane Ludwig;29/9/12;;;;
Mike Lullo;17/9/11;;;;
Dalcha Lungiambula;10/12/22;;;;
Vicente Luque;7/12/24;;;;
Thaddeus Luster;11/3/94;;;;
Travis Lutter;21/5/10;;;;
Tucker Lutz;15/7/23;;;;
Chris Lytle;26/9/20;;;;
Dong Hyun Ma;21/12/19;;;;
William Macario;25/9/22;;;;
Jason Macdonald;15/5/12;;;;
Rob Macdonald;31/5/22;;;;
Rory Macdonald;13/8/22;;;;
Ryan Macdonald;29/4/23;;;;
Clayton Macfarlane;13/2/15;;;;
Lyoto Machida;13/5/22;;;;
War Machine;18/10/13;;;;
Anthony Macias;18/4/14;;;;
Reza Madadi;28/5/17;;;;
Don Madge;28/6/24;;;;
Ryan Madigan;21/11/09;;;;
Jon Madsen;20/3/15;;;;
Vinny Magalhaes;17/9/22;;;;
Caio Magalhaes;6/5/23;;;;
Bernardo Magalhaes;16/8/14;;;;
Angela Magana;21/11/20;;;;
Neil Magny;9/11/24;;;;
Raimond Magomedaliev;24/2/24;;;;
Rashid Magomedov;22/7/22;;;;
Ruslan Magomedov;20/4/18;;;;
Zabit Magomedsharipov;9/11/19;;;;
John Maguire;13/7/19;;;;
Bill Mahood;29/5/10;;;;
Klayton Mai;24/3/17;;;;
Demian Maia;12/6/21;;;;
Jennifer Maia;13/12/24;;;;
Levan Makashvili;17/5/24;;;;
John Makdessi;9/9/23;;;;
Islam Makhachev;18/1/25;;;;
Zach Makovsky;12/8/23;;;;
Fabio Maldonado;5/4/25;;;;
Marvin Maldonado;28/5/16;;;;
Bea Malecki;21/8/21;;;;
Nazareno Malegarie;26/5/19;;;;
Jacob Malkoun;30/3/24;;;;
Mike Malott;2/11/24;;;;
Troy Mandaloniz;21/2/09;;;;
Melvin Manhoef;28/12/22;;;;
Jon Manley;29/7/23;;;;
Chris Manuel;19/3/16;;;;
Jimi Manuwa;1/6/19;;;;
Cristiano Marcello;15/2/14;;;;
Marcos Mariano;8/10/21;;;;
Enrique Marin;23/3/24;;;;
Ronny Markes;27/9/24;;;;
Rory Markham;20/5/16;;;;
Randa Markos;23/10/21;;;;
Christina Marks;6/11/22;;;;
Nate Marquardt;23/10/21;;;;
Danilo Marques;13/6/24;;;;
Julian Marquez;1/3/25;;;;
Carmelo Marrero;25/10/13;;;;
John Marsh;30/11/07;;;;
Eliot Marshall;28/9/19;;;;
Doug Marshall;19/9/14;;;;
Jack Marshman;4/4/25;;;;
Terry Martin;16/12/17;;;;
Eric Martin;7/2/97;;;;
Justin Martin;14/3/15;;;;
Anthony Rocco Martin;6/5/22;;;;
Mallory Martin;26/4/25;;;;
Rainy Martinez;27/2/98;;;;
Danny Martinez;8/10/17;;;;
Alonzo Martinez;18/4/25;;;;
Henry Martinez;16/2/19;;;;
Jonathan Martinez;16/11/24;;;;
Poppies Martinez;19/9/14;;;;
Roque Martinez;6/5/25;;;;
Adriano Martins;21/2/25;;;;
Lucas Martins;6/5/25;;;;
Bristol Marunde;9/10/15;;;;
Mike Massenzio;5/4/13;;;;
Jameel Massouh;19/3/11;;;;
Jorge Masvidal;6/7/24;;;;
Tateki Matsuda;2/4/22;;;;
Koyomi Matsushima;21/1/24;;;;
Aj Matthews;29/3/19;;;;
Jake Matthews;8/2/25;;;;
John Matua;16/9/00;;;;
Vladimir Matyushenko;11/4/14;;;;
Miranda Maverick;14/12/24;;;;
Jack May;19/10/24;;;;
Don'Tale Mayes;3/5/25;;;;
Gray Maynard;14/7/23;;;;
Brooke Mayo;22/5/21;;;;
Gina Mazany;1/4/23;;;;
Sabina Mazo;4/8/23;;;;
Scott Mcafee;19/9/14;;;;
Michael Mcbride;22/4/17;;;;
Ian Mccall;28/12/17;;;;
Molly Mccann;19/7/24;;;;
Charles Mccarthy;5/4/08;;;;
Sean Mccorkle;6/12/14;;;;
Kris Mccray;6/12/14;;;;
Tamdan Mccrory;9/12/16;;;;
Rob Mccullough;14/7/12;;;;
Justin Mccully;10/4/10;;;;
Michael Mcdonald;22/7/17;;;;
Miles Mcdonald;3/6/06;;;;
Drew Mcfedries;25/9/10;;;;
Liam Mcgeary;4/10/19;;;;
Gan Mcgee;25/6/10;;;;
Court Mcgee;20/4/24;;;;
Ryan Mcgillivray;4/10/14;;;;
Ryan Mcgivern;28/12/17;;;;
Conor Mcgregor;19/7/24;;;;
Antonio Mckee;5/4/08;;;;
Rhys Mckee;6/12/14;;;;
Cory Mckenna;6/12/14;;;;
Tim Mckenzie;9/12/16;;;;
Cody Mckenzie;14/7/12;;;;
Terrance Mckinney;10/4/10;;;;
Garreth Mclellan;22/7/17;;;;
Sara Mcmann;3/6/06;;;;
James Mcsweeney;25/9/10;;;;
Tim Means;4/10/19;;;;
Yancy Medeiros;25/6/10;;;;
Kaline Medeiros;20/4/24;;;;
Uros Medic;4/10/14;;;;
Emil Meek;21/9/24;;;;
Gerald Meerschaert;5/4/25;;;;
Derrick Mehmen;6/10/17;;;;
Jordan Mein;7/3/25;;;;
Brian Melancon;28/8/13;;;;
Brandon Melendez;16/10/22;;;;
Gilbert Melendez;12/12/19;;;;
Marcelo Mello;7/5/99;;;;
Fabio Mello;29/11/19;;;;
Vanessa Melo;8/6/24;;;;
Antonio Mendes;2/3/13;;;;
Chad Mendes;2/8/24;;;;
Augusto Mendes;4/11/22;;;;
Eddie Mendez;7/10/17;;;;
Pietro Menga;15/4/23;;;;
Alonzo Menifield;22/2/25;;;;
Ivan Menjivar;1/3/14;;;;
Dave Menne;31/3/12;;;;
Adam Meredith;2/6/17;;;;
Joe Merritt;2/7/16;;;;
Jonathan Meunier;14/12/19;;;;
Yaotzin Meza;14/9/18;;;;
Guy Mezger;6/12/03;;;;
Andreas Michailidis;22/2/25;;;;
David Michaud;31/12/19;;;;
Kristof Midoux;20/10/07;;;;
Keith Mielke;15/7/00;;;;
Chris Mierzwiak;30/10/15;;;;
Gabriel Miglioli;26/8/16;;;;
Bojan Mihajlovic;2/9/17;;;;
Billy Miles;17/11/07;;;;
Pat Miletich;14/10/23;;;;
Curtis Millender;1/6/24;;;;
Phillip Miller;26/7/03;;;;
Jason Miller;6/10/18;;;;
Dan Miller;20/3/16;;;;
Jim Miller;16/11/24;;;;
Cole Miller;10/12/16;;;;
Aaron Miller;17/11/12;;;;
Che Mills;24/11/18;;;;
Adam Milstead;3/2/18;;;;
Alberto Mina;23/6/18;;;;
Vitaly Minakov;23/10/21;;;;
Darrick Minner;5/11/22;;;;
Ikuhisa Minowa;31/12/22;;;;
Carlton Minus;19/1/24;;;;
Stipe Miocic;16/11/24;;;;
Frank Mir;27/11/21;;;;
Mario Miranda;26/10/13;;;;
Vitor Miranda;22/7/18;;;;
Toby Misech;23/2/24;;;;
Dokonjonosuke Mishima;15/10/11;;;;
David Mitchell;19/1/19;;;;
Danny Mitchell;29/3/25;;;;
Brad Mitchell;27/2/16;;;;
Clay Mitchell;12/3/16;;;;
Bryce Mitchell;12/4/25;;;;
Roman Mitichyan;5/5/12;;;;
Matt Mitrione;16/7/21;;;;
Eiji Mitsuoka;11/8/12;;;;
Takeya Mizugaki;15/10/23;;;;
Tatsuya Mizuno;16/9/24;;;;
Roxanne Modafferi;3/7/22;;;;
Bobby Moffett;2/5/25;;;;
Bronson Mohika;6/4/07;;;;
Nate Mohr;19/6/09;;;;
Thiago Moises;11/1/25;;;;
Ashkan Mokhtarian;6/9/19;;;;
Suman Mokhtarian;21/12/19;;;;
Jeff Molina;4/6/22;;;;
Rudyard Moncayo;18/10/96;;;;
Jeff Monson;5/6/15;;;;
Darrell Montague;12/7/15;;;;
Augusto Montano;17/9/16;;;;
Erick Montano;31/5/24;;;;
Nicco Montano;13/7/19;;;;
Steve Montgomery;30/5/19;;;;
James Moontasri;17/12/16;;;;
Homer Moore;16/3/13;;;;
Sergio Moraes;23/10/20;;;;
Marlon Moraes;8/6/23;;;;
Sheymon Moraes;30/8/24;;;;
John Moraga;10/12/21;;;;
Leonardo Morales;8/11/24;;;;
Albert Morales;1/3/25;;;;
Joseph Morales;3/2/23;;;;
Vince Morales;29/3/25;;;;
Omar Morales;11/10/24;;;;
Sarah Moras;16/1/21;;;;
Christian Morecraft;14/9/13;;;;
Joe Moreira;9/11/02;;;;
Richardson Moreira;30/10/20;;;;
Vinicius Moreira;27/3/22;;;;
Brandon Moreno;29/3/25;;;;
Dan Moret;27/1/23;;;;
Peggy Morgan;29/7/16;;;;
Alex Morono;8/3/25;;;;
Maryna Moroz;9/3/24;;;;
Sergey Morozov;17/12/22;;;;
Brad Morris;13/11/10;;;;
Scott Morris;12/6/98;;;;
Anthony Morrison;10/6/17;;;;
Harry Moskowitz;14/9/96;;;;
Flavio Luiz Moura;4/3/12;;;;
Gegard Mousasi;12/5/23;;;;
Kris Moutinho;9/11/24;;;;
Kin Moy;25/1/20;;;;
Jamie Moyle;15/12/18;;;;
Garrett Mueller;7/9/24;;;;
Lauren Mueller;27/8/21;;;;
Belal Muhammad;27/7/24;;;;
Fazlo Mulabitinovic;7/1/17;;;;
Quinn Mulhern;4/1/14;;;;
James Mulheron;4/5/19;;;;
Jamie Mullarkey;4/5/24;;;;
Jim Mullen;6/6/99;;;;
Pedro Munhoz;2/11/24;;;;
Andre Muniz;2/9/23;;;;
Mark Munoz;12/12/19;;;;
Andy Murad;29/6/18;;;;
Makhmud Muradov;8/3/25;;;;
Kanako Murata;7/10/23;;;;
Vince Murdock;29/4/21;;;;
Tom Murphy;27/2/10;;;;
Lauren Murphy;21/1/23;;;;
Lerone Murphy;5/4/25;;;;
Lee Murray;11/9/04;;;;
Khalid Murtazaliev;18/4/25;;;;
Nicholas Musoke;7/12/19;;;;
Magomed Mustafaev;22/2/20;;;;
Elvis Mutapcic;26/6/21;;;;
Logan Nail;4/2/22;;;;
Rin Nakai;23/11/24;;;;
Kazuhiro Nakamura;20/12/14;;;;
Keita Nakamura;23/3/24;;;;
Yusaku Nakamura;23/6/24;;;;
Jutaro Nakao;17/11/19;;;;
Yui Chul Nam;28/9/24;;;;
Tyson Nam;24/1/25;;;;
Rose Namajunas;2/11/24;;;;
Nad Narimani;18/7/20;;;;
Roger Narvaez;15/10/23;;;;
Rodrigo Nascimento;1/5/25;;;;
Bobby Nash;26/3/16;;;;
Reza Nasri;20/9/96;;;;
Rafael Natal;22/7/17;;;;
Kevin Natividad;19/11/22;;;;
Ismail Naurdiev;26/10/24;;;;
Danny Navarro;16/12/17;;;;
Marcio Navarro;9/6/18;;;;
Tafon Nchukwi;16/8/24;;;;
Dustin Neace;28/9/13;;;;
Joe Neal;13/12/19;;;;
Geoff Neal;26/10/24;;;;
Stanislav Nedkov;24/1/15;;;;
Josh Neer;9/11/18;;;;
Nicolae Negumereanu;12/11/22;;;;
Steve Nelmark;7/12/96;;;;
Shane Nelson;6/7/13;;;;
Roy Nelson;10/11/23;;;;
Gunnar Nelson;22/3/25;;;;
Kyle Nelson;7/9/24;;;;
Lissette Neri;18/10/14;;;;
Mario Neto;15/12/11;;;;
Antonio Braga Neto;17/11/24;;;;
Julio Cesar Neves Jr.;25/1/25;;;;
Nick Newell;7/1/23;;;;
Journey Newson;29/4/23;;;;
Jeff Newton;19/11/05;;;;
Carlos Newton;10/7/10;;;;
Emanuel Newton;13/10/17;;;;
Francis Ngannou;19/10/24;;;;
Ben Nguyen;21/4/19;;;;
Alex Nicholson;27/9/24;;;;
Mike Nickels;3/11/19;;;;
Matheus Nicolau;19/10/24;;;;
Jaimelene Nievera;22/2/19;;;;
Khomkrit Niimi;30/4/16;;;;
Tom Niinimaki;1/10/16;;;;
Ramsey Nijem;30/7/21;;;;
Jack Nilson;30/5/97;;;;
Mats Nilsson;3/1/15;;;;
Guangyou Ning;26/11/16;;;;
Anthony Njokuani;8/9/23;;;;
Chidi Njokuani;15/3/25;;;;
Derrick Noble;12/5/12;;;;
Kyle Noblitt;30/1/21;;;;
Pedro Nobre;23/11/24;;;;
Jacob Noe;11/6/22;;;;
Antonio Rodrigo Nogueira;1/8/15;;;;
Talita Nogueira;25/8/17;;;;
Kyle Noke;26/11/16;;;;
Nick Nolte;25/5/12;;;;
Sage Northcutt;5/5/23;;;;
Jason Novelli;4/8/18;;;;
Phillipe Nover;26/10/19;;;;
Diego Nunes;22/2/25;;;;
Amanda Nunes;10/6/23;;;;
Nina Nunes;13/8/22;;;;
Istela Nunes;5/4/25;;;;
Khabib Nurmagomedov;24/10/20;;;;
Said Nurmagomedov;1/2/25;;;;
Abubakar Nurmagomedov;3/6/23;;;;
Umar Nurmagomedov;18/1/25;;;;
Kennedy Nzechukwu;7/12/24;;;;
Jake O'Brien;4/8/12;;;;
Sean O'Connell;31/12/18;;;;
Dan O'Connor;22/11/18;;;;
Sean O'Malley;14/9/24;;;;
Jeremiah O'Neal;27/3/15;;;;
Chuck O'Neil;4/11/16;;;;
Casey O'Neill;17/8/24;;;;
Brendan O'Reilly;3/12/16;;;;
Richard Odoms;6/2/22;;;;
Volkan Oezdemir;23/11/24;;;;
Trey Ogden;11/1/25;;;;
Andy Ogle;24/1/15;;;;
Koji Oishi;29/8/14;;;;
Yushin Okami;30/11/24;;;;
Michal Oleksiejczuk;12/4/25;;;;
Rafaello Oliveira;22/2/14;;;;
Charles Oliveira;16/11/24;;;;
Ednaldo Oliveira;7/9/24;;;;
Alex Oliveira;17/11/17;;;;
Felipe Olivieri;27/9/19;;;;
Dennis Olson;29/10/21;;;;
Alan Omer;8/3/25;;;;
Daniel Omielanczuk;9/3/24;;;;
Michihiro Omigawa;19/3/23;;;;
Charlie Ontiveros;13/8/22;;;;
Sam Oropeza;31/10/15;;;;
Brian Ortega;14/9/24;;;;
Tito Ortiz;7/12/19;;;;
Jorge Ortiz;20/7/19;;;;
Dustin Ortiz;20/11/21;;;;
Ode Osbourne;5/4/25;;;;
Nick Osipczak;27/6/15;;;;
Nissen Osterneck;7/2/14;;;;
Rachael Ostovich;23/7/21;;;;
Zak Ottow;2/4/22;;;;
Sidney Outlaw;18/10/24;;;;
Alistair Overeem;8/10/22;;;;
Alptekin Ozkilic;22/5/16;;;;
Nick Pace;26/5/19;;;;
Larissa Pacheco;19/10/24;;;;
Teemu Packalen;7/9/19;;;;
George Pacurariu;20/11/15;;;;
Gary Padilla;5/11/11;;;;
Chris Padilla;22/3/25;;;;
Damacio Page;1/12/17;;;;
Michael Page;1/2/25;;;;
Dustin Pague;21/3/25;;;;
Josh Paiva;30/3/24;;;;
Raulian Paiva;1/11/24;;;;
Fredson Paixao;12/12/19;;;;
Bart Palaszewski;5/4/14;;;;
Sasha Palatnikov;18/9/24;;;;
Soa Palelei;1/8/15;;;;
Rousimar Palhares;30/3/24;;;;
Tulio Palhares;10/5/14;;;;
Alexandre Pantoja;20/7/24;;;;
Jared Papazian;6/7/19;;;;
Joe Pardo;7/9/02;;;;
Remco Pardoel;13/7/03;;;;
Josh Parisian;9/3/24;;;;
Karo Parisyan;7/10/17;;;;
Norman Parke;7/12/24;;;;
Ryan Parker;8/9/95;;;;
Jordan Parsons;20/11/15;;;;
Preston Parsons;11/1/25;;;;
Jorge Patino;14/4/23;;;;
Claude Patrick;10/12/11;;;;
Alan Patrick;14/5/22;;;;
Michael Patt;7/3/09;;;;
Justin Patterson;20/10/23;;;;
Julio Paulino;18/1/17;;;;
Sergei Pavlovich;1/2/25;;;;
Pawel Pawlak;20/7/24;;;;
Estevan Payan;18/6/22;;;;
Sarah Payant;10/3/18;;;;
Roland Payne;9/9/94;;;;
Jonathan Pearce;12/10/24;;;;
Ross Pearson;16/11/19;;;;
Andre Pederneiras;26/5/00;;;;
Carlo Pedersoli Jr.;6/5/23;;;;
Tyson Pedro;26/2/25;;;;
Filip Pejic;17/4/15;;;;
Kurt Pellegrino;26/11/11;;;;
Julianna Pena;7/6/25;;;;
Luis Pena;9/11/24;;;;
Sherman Pendergarst;18/2/12;;;;
Cathal Pendred;24/10/15;;;;
Jessica Penne;19/10/24;;;;
Nick Penner;14/12/12;;;;
Raquel Pennington;5/10/24;;;;
Viviane Pereira;21/10/23;;;;
Michel Pereira;26/4/25;;;;
Rolando Perez;15/5/15;;;;
Erik Perez;18/9/24;;;;
Alejandro Perez;26/2/22;;;;
Frankie Perez;8/6/18;;;;
Jose Perez;22/4/17;;;;
Alex Perez;15/6/24;;;;
Markus Perez;11/10/24;;;;
Anthony Perosh;14/11/15;;;;
Hernani Perpetuo;24/11/23;;;;
Jay Perrin;22/3/25;;;;
Mike Perry;27/4/24;;;;
Raphael Pessoa;22/7/22;;;;
Viktor Pesta;16/12/23;;;;
Tony Petarra;20/11/04;;;;
Steven Peterson;25/3/23;;;;
Seth Petruzelli;19/6/13;;;;
Anthony Pettis;6/7/24;;;;
Sergio Pettis;7/3/25;;;;
Forrest Petz;1/6/13;;;;
Cody Pfister;16/3/24;;;;
Nam Phan;16/11/18;;;;
Aaron Phillips;15/4/23;;;;
Elizabeth Phillips;27/5/23;;;;
John Phillips;5/4/25;;;;
Kyler Phillips;19/10/24;;;;
Nick Pica;11/1/19;;;;
Adam Piccolotti;12/4/24;;;;
Vinc Pichel;29/3/25;;;;
Brad Pickett;30/3/19;;;;
Jamie Pickett;2/3/24;;;;
Aaron Pico;24/2/24;;;;
Oskar Piechota;20/6/20;;;;
Nick Piedmont;10/12/16;;;;
Mike Pierce;11/12/15;;;;
Sean Pierson;15/6/13;;;;
Domingo Pilarte;21/8/21;;;;
Daniel Pineda;19/10/24;;;;
Jesus Pinedo;3/4/25;;;;
Pingyuan Liu;12/3/16;;;;
Luana Pinheiro;9/11/24;;;;
Gaetano Pirrello;7/10/23;;;;
Maki Pitolo;20/11/22;;;;
Jamal Pogues;1/2/25;;;;
Ross Pointon;9/2/13;;;;
Dustin Poirier;19/7/25;;;;
Igor Pokrajac;13/6/20;;;;
John Polakowski;13/12/08;;;;
Brandon Polcare;14/6/19;;;;
Santiago Ponzinibbio;3/5/25;;;;
Grigory Popov;26/4/25;;;;
Parker Porter;14/6/25;;;;
Callan Potter;22/2/20;;;;
Ruan Potts;8/12/18;;;;
Devin Powell;12/11/20;;;;
Marcin Prachnio;27/7/24;;;;
Wagner Prado;4/5/19;;;;
Trevor Prangley;4/6/15;;;;
Carlo Prater;1/3/24;;;;
Carlos Prates;26/4/25;;;;
Michel Prazeres;26/6/21;;;;
Kyle Prepolec;10/5/25;;;;
Dorian Price;18/2/12;;;;
Chris Price;10/2/12;;;;
Niko Price;12/10/24;;;;
Shane Primm;18/9/10;;;;
Brent Primus;18/4/25;;;;
Jiri Prochazka;18/1/25;;;;
Lara Procopio;19/3/23;;;;
Joe Proctor;22/4/17;;;;
Lucie Pudilova;5/4/25;;;;
Claudio Puelles;24/2/24;;;;
Bubba Pugh;15/11/14;;;;
Juan Manuel Puig;22/11/14;;;;
Hugh Pulley;21/9/24;;;;
Josh Pulsifer;26/8/11;;;;
Jens Pulver;23/11/13;;;;
Mike Pyle;3/3/18;;;;
Bao Quach;9/12/11;;;;
Billy Quarantillo;14/12/24;;;;
Nate Quarry;31/3/10;;;;
Jimmy Quinlan;21/9/13;;;;
Ryan Quinn;20/10/17;;;;
Michel Quinones;11/11/17;;;;
Benji Radach;15/5/15;;;;
Jordan Radev;10/9/11;;;;
Josh Rafferty;9/9/10;;;;
Ricky Rainey;18/7/20;;;;
Shavkat Rakhmonov;7/12/24;;;;
Aleksandar Rakic;26/10/24;;;;
Jessica Rakoczy;25/4/15;;;;
Thomas Ramirez;16/2/96;;;;
Hector Ramirez;2/11/13;;;;
Matt Ramirez;12/8/17;;;;
Steve Ramirez;26/1/19;;;;
Amador Ramirez;1/10/22;;;;
Andrew Ramm;20/2/16;;;;
Ian Rammel;30/1/15;;;;
Luis Ramos;14/5/16;;;;
Ricardo Ramos;1/3/25;;;;
Davi Ramos;4/10/24;;;;
Kevin Randleman;7/5/11;;;;
Bec Rawlings;25/1/25;;;;
Gideon Ray;15/12/12;;;;
Keenan Raymond;19/4/25;;;;
Iony Razafiarison;3/11/22;;;;
Abdul Razak Alhassan;11/1/25;;;;
Greg Rebello;24/1/20;;;;
Paul Redmond;2/11/24;;;;
Elise Reed;19/10/24;;;;
Johnny Rees;22/1/12;;;;
Chad Reiner;27/2/16;;;;
Jason Reinhardt;14/8/11;;;;
Wilson Reis;7/6/24;;;;
Ben Reiter;16/11/19;;;;
Goran Reljic;6/4/24;;;;
Leigh Remedios;24/9/22;;;;
Chance Rencountre;19/2/22;;;;
Marion Reneau;17/7/21;;;;
Marco Polo Reyes;17/6/23;;;;
Dominick Reyes;12/4/25;;;;
Alex Reyes;17/8/24;;;;
Gaston Reyno;25/5/24;;;;
Johnny Rhodes;11/3/94;;;;
Mike Rhodes;22/11/19;;;;
Amanda Ribas;11/1/25;;;;
Mike Ricci;17/6/16;;;;
Tabatha Ricci;23/11/24;;;;
Mike Richman;10/5/25;;;;
Brad Riddell;12/11/22;;;;
Joe Riggs;1/4/23;;;;
Jeremiah Riggs;27/4/24;;;;
Aaron Riley;27/7/13;;;;
Jordan Rinaldi;16/3/19;;;;
Nick Ring;26/6/15;;;;
Mike Rio;29/8/14;;;;
Albert Rios;20/8/11;;;;
Maria Rios;14/1/23;;;;
Diego Rivas;19/5/18;;;;
Jorge Rivera;20/1/12;;;;
Dante Rivera;2/5/14;;;;
Francisco Rivera;30/11/24;;;;
Jonathan Rivera;10/3/19;;;;
Jimmie Rivera;9/11/24;;;;
Irwin Rivera;8/9/23;;;;
Jerome Rivera;10/7/21;;;;
Pedro Rizzo;12/9/15;;;;
Justin Robbins;13/4/18;;;;
Karl Roberson;2/3/24;;;;
Andre Roberts;22/1/05;;;;
Joey Roberts;28/10/00;;;;
Tyrone Roberts;3/10/20;;;;
Ryan Roberts;17/5/24;;;;
Daniel Roberts;15/3/19;;;;
Buddy Roberts;16/5/20;;;;
Danny Roberts;22/7/23;;;;
Roosevelt Roberts;28/9/24;;;;
Kenny Robertson;30/7/21;;;;
Gillian Robertson;3/5/25;;;;
Chad Robichaux;26/10/13;;;;
Mark Robinson;17/5/03;;;;
Colin Robinson;1/3/14;;;;
Alvin Robinson;6/11/15;;;;
Vagner Rocha;11/10/24;;;;
Carlos Eduardo Rocha;19/1/19;;;;
Keith Rockel;22/4/06;;;;
Luke Rockhold;16/8/24;;;;
Kevin Roddy;23/10/15;;;;
Gregory Rodrigues;15/3/25;;;;
Paul Rodriguez;7/10/23;;;;
Ricco Rodriguez;16/8/19;;;;
Manuel Rodriguez;21/5/22;;;;
Yair Rodriguez;12/4/25;;;;
Mike Rodriguez;17/6/22;;;;
Marina Rodriguez;3/5/25;;;;
Daniel Rodriguez;3/5/25;;;;
Ray Rodriguez;3/3/24;;;;
Drako Rodriguez;6/9/24;;;;
Victor Rodriguez;22/5/21;;;;
Christian Rodriguez;29/3/25;;;;
Nick Roehrick;7/7/17;;;;
Marcos Rogerio De Lima;17/2/24;;;;
Brett Rogers;26/3/15;;;;
Brian Rogers;24/3/17;;;;
Pete Rogers Jr.;6/1/24;;;;
Max Rohskopf;4/2/23;;;;
Marcelo Rojo;16/7/23;;;;
Shane Roller;5/10/12;;;;
Jared Rollins;8/12/07;;;;
Tim Roman;25/6/16;;;;
Ricardo Romero;24/9/11;;;;
Yoel Romero;22/3/25;;;;
Mara Romero Borella;19/9/20;;;;
Juancamilo Ronderos;11/10/24;;;;
Jesse Ronson;15/11/24;;;;
George Roop;14/5/16;;;;
Joao Roque;11/3/05;;;;
Aaron Rosa;6/2/22;;;;
Charles Rosa;15/11/24;;;;
Karol Rosa;18/1/25;;;;
Jacob Rosales;31/8/19;;;;
Jake Rosholt;21/9/12;;;;
Jared Rosholt;31/12/19;;;;
Kevin Rosier;1/12/01;;;;
Zach Rosol;20/4/24;;;;
Nick Rossborough;2/12/23;;;;
Kristian Rothaermel;28/6/06;;;;
Ben Rothwell;25/1/25;;;;
Ronda Rousey;30/12/16;;;;
Kain Royer;6/11/15;;;;
Brandon Royval;12/10/24;;;;
Jairzinho Rozenstruik;1/2/25;;;;
Mauricio Rua;21/1/23;;;;
Marco Ruas;19/5/07;;;;
Rodrigo Ruas;29/3/08;;;;
Gabe Ruediger;31/5/13;;;;
Eddie Ruiz;6/6/03;;;;
Paul Ruiz;17/6/16;;;;
Mike Russow;26/1/13;;;;
Bas Rutten;22/7/06;;;;
Yusup Saadulaev;17/12/21;;;;
Danny Sabatello;10/5/25;;;;
Pat Sabatini;5/4/25;;;;
Amir Sadollah;20/9/14;;;;
Frankie Saenz;1/8/20;;;;
Tarec Saffiedine;17/6/17;;;;
Jason Saggo;24/11/18;;;;
Lukasz Sajewski;7/7/16;;;;
Augusto Sakai;12/6/24;;;;
Alessio Sakara;12/10/19;;;;
Gokhan Saki;7/7/18;;;;
Kazushi Sakuraba;27/10/20;;;;
Hayato Sakurai;6/5/18;;;;
Justin Salas;5/3/16;;;;
Ivan Salaverry;2/11/13;;;;
Roman Salazar;20/6/21;;;;
Luis Saldana;26/8/23;;;;
John Salgado;24/6/17;;;;
Muslim Salikhov;23/11/24;;;;
Brandon Saling;3/3/12;;;;
Sean Salmon;13/4/13;;;;
Boston Salmon;28/4/22;;;;
John Salter;31/3/23;;;;
Josh Samman;13/7/16;;;;
Josh Sampo;13/4/18;;;;
Josh San Diego;31/3/23;;;;
Diego Sanchez;17/2/23;;;;
Eddie Sanchez;4/4/14;;;;
Julian Sanchez;20/11/96;;;;
Donald Sanchez;28/2/25;;;;
Joby Sanchez;11/10/19;;;;
Emmanuel Sanchez;12/4/24;;;;
Erick Sanchez;7/2/25;;;;
Andrew Sanchez;21/6/24;;;;
Jesse Sanders;16/2/13;;;;
Luke Sanders;1/5/21;;;;
Jerrod Sanders;27/4/18;;;;
Cory Sandhagen;3/5/25;;;;
Joseph Sandoval;19/5/18;;;;
Hector Sandoval;10/5/19;;;;
Chris Sanford;18/8/05;;;;
Martin Sano;25/9/21;;;;
Jonathan Santa Maria;28/9/19;;;;
Duda Santana;15/12/17;;;;
Jorge Santiago;9/10/80;;;;
Mike Santiago;31/7/20;;;;
Jose Santibanez;8/4/11;;;;
Adriano Santos;22/3/25;;;;
Paulo Santos;4/8/06;;;;
Evangelista Santos;16/7/16;;;;
Luis Santos;12/4/19;;;;
Iliarde Santos;6/5/18;;;;
Leonardo Santos;20/8/22;;;;
Thiago Santos;13/6/24;;;;
Bruno Santos;11/5/24;;;;
Andre Santos;12/12/19;;;;
Gleristone Santos;27/3/22;;;;
Taila Santos;29/11/24;;;;
Nick Sanzo;7/2/97;;;;
Bob Sapp;26/8/22;;;;
Daniel Sarafian;30/9/17;;;;
Diego Saraiva;7/7/07;;;;
Harris Sarmiento;14/3/14;;;;
Alexander Sarnavskiy;19/9/20;;;;
Yuki Sasaki;27/8/17;;;;
Yuta Sasaki;6/5/23;;;;
Paul Sass;18/10/13;;;;
Takenori Sato;19/9/20;;;;
Takashi Sato;30/4/25;;;;
Jeimeson Saudino;29/1/21;;;;
Townsend Saunders;8/1/99;;;;
Ben Saunders;28/5/22;;;;
Chris Saunders;29/4/17;;;;
Matt Sayles;18/12/21;;;;
Mark Scanlon;6/7/13;;;;
Eric Schafer;16/4/16;;;;
Kerry Schall;20/3/13;;;;
Eric Schambari;27/4/13;;;;
Brendan Schaub;6/12/14;;;;
Fabiano Scherner;7/7/19;;;;
Samy Schiavo;18/10/08;;;;
Pat Schilling;1/6/12;;;;
Joe Schilling;20/4/24;;;;
Semmy Schilt;31/12/12;;;;
Adam Schindler;31/5/13;;;;
Colleen Schneider;25/8/17;;;;
Matt Schnell;26/4/25;;;;
Alex Schoenauer;12/9/09;;;;
Darrill Schoonover;23/10/15;;;;
Nate Schroeder;15/2/03;;;;
Mark Schultz;17/5/96;;;;
Justin Scoggins;29/6/24;;;;
Greg Scott;26/6/15;;;;
Mike Seal;1/9/18;;;;
Matt Secor;7/2/25;;;;
Neil Seery;16/7/17;;;;
Brendan Seguin;30/11/12;;;;
Stefan Sekulic;9/9/22;;;;
Pete Sell;21/6/19;;;;
Matthew Semelsberger;9/11/24;;;;
Andrei Semenov;20/10/13;;;;
Mackens Semerzier;17/11/12;;;;
Ivan Serati;16/10/10;;;;
Nicholas Sergiacomi;17/7/15;;;;
Matt Serra;25/9/10;;;;
Nick Serra;31/5/08;;;;
Adrian Serrano;11/7/08;;;;
Fredy Serrano;19/5/18;;;;
Carl Seumanutafa;19/10/18;;;;
Dan Severn;28/4/12;;;;
Rosi Sexton;7/6/14;;;;
Edmen Shahbazyan;15/2/25;;;;
Don Shainis;25/1/25;;;;
Liliya Shakirova;24/10/20;;;;
Kamal Shalorus;10/2/17;;;;
Ken Shamrock;19/6/15;;;;
Frank Shamrock;29/3/08;;;;
Eric Shelton;4/1/25;;;;
Sean Sherk;25/9/10;;;;
Chase Sherman;15/11/24;;;;
Valentina Shevchenko;14/9/24;;;;
Antonina Shevchenko;9/7/22;;;;
Jake Shields;23/10/21;;;;
Shunichi Shimizu;30/3/24;;;;
Wade Shipp;16/3/13;;;;
Yuya Shirai;27/2/16;;;;
Alexander Shlemenko;14/12/24;;;;
Josh Shockley;22/2/15;;;;
Liudvik Sholinian;5/11/22;;;;
Jack Shore;2/11/24;;;;
Sam Sicilia;26/8/21;;;;
Steven Siler;2/12/22;;;;
Xavier Siller;29/6/18;;;;
Assuerio Silva;17/10/09;;;;
Anderson Silva;15/6/24;;;;
Wanderlei Silva;29/9/18;;;;
Thiago Silva;20/5/22;;;;
Jay Silva;5/4/25;;;;
Antonio Silva;6/7/19;;;;
Erick Silva;22/6/19;;;;
Leandro Silva;10/6/23;;;;
Claudio Silva;23/7/22;;;;
Rafael Silva;3/3/24;;;;
Joaquim Silva;4/5/24;;;;
Felipe Silva;1/4/21;;;;
Dayana Silva;6/9/19;;;;
Bruno Silva;26/10/24;;;;
Bruno Silva;14/12/24;;;;
Gabriel Silva;3/11/23;;;;
Douglas Silva De Andrade;1/3/25;;;;
Marcus Silveira;31/3/07;;;;
Elias Silverio;11/4/25;;;;
Jamey Simmons;7/8/21;;;;
Ricky Simon;22/2/25;;;;
Aaron Simpson;23/3/13;;;;
Wes Sims;13/8/16;;;;
Tony Sims;2/1/16;;;;
Lodune Sincaid;20/3/10;;;;
Rob Sinclair;7/7/17;;;;
Rory Singer;20/2/09;;;;
Rana Rudra Pratap Singh;1/12/24;;;;
Elvis Sinosic;1/12/07;;;;
Dennis Siver;25/6/17;;;;
Chas Skelly;19/2/22;;;;
Zach Skinner;29/4/17;;;;
Joe Slick;12/11/00;;;;
Ray Sloan;28/8/15;;;;
Maurice Smith;2/11/13;;;;
Patrick Smith;23/7/16;;;;
Scott Smith;23/1/16;;;;
Eric Smith;17/5/14;;;;
Josh Smith;4/10/15;;;;
Trevor Smith;7/12/19;;;;
Anthony Smith;26/4/25;;;;
Colton Smith;17/3/18;;;;
Gilbert Smith;8/9/17;;;;
Leslie Smith;21/5/21;;;;
Devonte Smith;5/3/22;;;;
Cole Smith;2/4/22;;;;
Walter Smith-Cotito;4/5/18;;;;
Justin Smitley;29/9/18;;;;
Louis Smolka;14/5/22;;;;
Richie Smullen;19/10/24;;;;
Peter Sobotta;25/7/20;;;;
Renato Sobral;12/12/19;;;;
Rameau Thierry Sokoudjou;21/9/19;;;;
Joe Solecki;11/1/25;;;;
Joe Son;20/7/02;;;;
Chael Sonnen;15/6/24;;;;
Cody Sons;22/4/23;;;;
Jin Soo Son;8/12/24;;;;
Emiliano Sordi;28/3/25;;;;
Sean Soriano;5/5/23;;;;
Punahele Soriano;11/1/25;;;;
Ben Sosoli;1/3/25;;;;
Krzysztof Soszynski;10/12/11;;;;
George Sotiropoulos;16/9/23;;;;
Greg Soto;18/2/17;;;;
Alex Soto;21/1/17;;;;
Joe Soto;3/2/18;;;;
Mario Soto;11/11/17;;;;
Andre Soukhamthath;4/3/22;;;;
Bobby Southworth;31/7/10;;;;
Edimilson Souza;9/9/22;;;;
Livinha Souza;23/10/21;;;;
Chris Spang;4/6/16;;;;
Andreas Spang;5/12/14;;;;
Ryan Spann;15/3/25;;;;
Ron Sparks;23/9/10;;;;
Sean Spencer;10/8/18;;;;
Felicia Spencer;13/11/21;;;;
Sam Spengler;14/5/16;;;;
Nick Sperling;25/8/18;;;;
Eric Spicely;1/4/22;;;;
Waachiim Spiritwolf;4/10/14;;;;
Daniel Spitz;18/10/19;;;;
Pete Spratt;9/12/17;;;;
Austin Springer;13/4/24;;;;
Andreas Stahl;30/3/24;;;;
Ron Stallings;17/8/18;;;;
Cody Stamann;8/6/24;;;;
Cristina Stanciu;15/12/17;;;;
Brian Stann;4/8/12;;;;
Josh Stansbury;1/12/18;;;;
Clifford Starks;18/11/17;;;;
Kalib Starnes;15/4/16;;;;
Laureano Staropoli;14/12/24;;;;
Damian Stasiak;20/1/24;;;;
Dominique Steele;6/11/21;;;;
Steve Steinbeiss;22/10/11;;;;
Dmitri Stepanov;1/6/98;;;;
Jeremy Stephens;3/5/25;;;;
Aljamain Sterling;7/12/24;;;;
Marc Stevens;28/6/19;;;;
Joe Stevenson;14/2/17;;;;
Darren Stewart;30/3/24;;;;
Kyle Stewart;24/2/24;;;;
Alex Stiebling;12/9/09;;;;
Tyler Stinson;14/10/23;;;;
Denis Stojnic;28/5/16;;;;
Julija Stoliarenko;3/2/24;;;;
Dustin Stoltzfus;2/11/24;;;;
Niklas Stolze;7/9/24;;;;
Ken Stone;11/8/12;;;;
Rick Story;20/10/18;;;;
Darko Stosic;27/4/24;;;;
Greg Stott;17/10/97;;;;
Curtis Stout;18/5/07;;;;
Sam Stout;23/8/15;;;;
Jesse Strader;28/1/23;;;;
Dave Strasser;29/3/08;;;;
Daniel Straus;11/5/24;;;;
Gerald Strebendt;18/4/09;;;;
Sean Strickland;8/2/25;;;;
Mark Striegl;28/4/24;;;;
Hans Stringer;17/9/16;;;;
Stefan Struve;24/10/20;;;;
Josh Stuart;15/6/19;;;;
Mike Stumpf;26/1/13;;;;
Tatiana Suarez;8/2/25;;;;
Genki Sudo;31/12/06;;;;
George Sullivan;3/3/23;;;;
Amar Suloev;3/4/08;;;;
Justin Sumter;1/4/22;;;;
Joel Sutton;20/2/99;;;;
Martin Svensson;15/10/16;;;;
Cub Swanson;14/12/24;;;;
Mike Swick;11/7/15;;;;
Floyd Sword;31/5/08;;;;
Bentley Syler;21/3/15;;;;
Tim Sylvia;3/12/17;;;;
Amber Tackett;25/4/16;;;;
Eugenio Tadeu;16/5/03;;;;
Justin Tafa;8/2/25;;;;
Khalid Taha;5/4/25;;;;
Joe Taimanglo;16/11/18;;;;
Mairbek Taisumov;7/9/19;;;;
Daiju Takase;28/12/18;;;;
Oleg Taktarov;18/8/23;;;;
Nordine Taleb;7/9/19;;;;
Issei Tamura;25/12/22;;;;
Jason Tan;24/5/08;;;;
Michinori Tanaka;9/7/23;;;;
Evan Tanner;21/6/08;;;;
Gary Tapusoa;24/10/14;;;;
Miesha Tate;3/5/25;;;;
Deividas Taurosevicius;5/4/13;;;;
Thiago Tavares;12/12/21;;;;
Brad Tavares;5/4/25;;;;
Paul Taylor;5/2/11;;;;
Jesse Taylor;30/3/23;;;;
Torrance Taylor;12/10/13;;;;
Louis Taylor;31/12/18;;;;
Anthony Taylor;18/1/25;;;;
Danielle Taylor;3/5/23;;;;
James Te Huna;19/3/16;;;;
Shawn Teed;15/10/20;;;;
Glover Teixeira;29/6/23;;;;
John Teixeira;8/2/25;;;;
Ewerton Teixeira;25/9/15;;;;
Tra Telligman;20/8/05;;;;
Herman Terrado;7/9/24;;;;
David Terrell;15/4/06;;;;
James Terry;7/9/19;;;;
David Teymur;2/2/19;;;;
Daniel Teymur;14/12/19;;;;
Motonobu Tezuka;5/10/24;;;;
Jason Thacker;9/4/05;;;;
Brandon Thatch;30/12/16;;;;
Elias Theodorou;18/12/21;;;;
Paulo Thiago;22/10/17;;;;
Din Thomas;12/4/13;;;;
Ryan Thomas;9/5/15;;;;
Treston Thomison;18/1/20;;;;
Nick Thompson;9/4/11;;;;
James Thompson;15/12/17;;;;
Oli Thompson;9/8/24;;;;
Stephen Thompson;5/10/24;;;;
Josh Thomson;18/2/17;;;;
Simeon Thoresen;28/3/15;;;;
Gleison Tibau;25/11/22;;;;
Chris Tickle;4/6/16;;;;
Nolan Ticman;23/7/22;;;;
Darren Till;18/1/25;;;;
Ryan Tobar;13/8/22;;;;
Dusko Todorovic;9/11/24;;;;
Hideo Tokoro;28/7/24;;;;
Anatoly Tokov;14/12/24;;;;
Kazuki Tokudome;9/6/24;;;;
Puja Tomar;22/3/25;;;;
Tyler Toner;4/7/14;;;;
James Toney;11/11/23;;;;
Ilia Topuria;26/10/24;;;;
Anthony Torres;28/1/23;;;;
Miguel Torres;24/9/16;;;;
Ronys Torres;6/12/24;;;;
Alex Torres;19/10/24;;;;
Jose Torres;31/12/24;;;;
Desmond Torres;28/8/20;;;;
Salim Touahri;1/2/25;;;;
Dequan Townsend;9/11/24;;;;
Roberto Traven;13/6/09;;;;
Bryan Travers;30/10/15;;;;
Francisco Trevino;24/6/16;;;;
Frank Trigg;10/9/11;;;;
Francisco Trinaldo;10/11/23;;;;
Damien Trites;15/9/23;;;;
Michael Trizano;6/7/18;;;;
Tor Troeng;4/10/14;;;;
Abel Trujillo;16/12/17;;;;
Arman Tsarukyan;2/5/25;;;;
Chris Tuchscherer;26/2/11;;;;
Jon Tuck;28/12/19;;;;
Gavin Tucker;5/8/23;;;;
Jumabieke Tuerxun;27/5/23;;;;
Blair Tugman;3/8/18;;;;
Tai Tuivasa;17/8/24;;;;
Zubaira Tukhugov;11/2/23;;;;
Teila Tuli;12/11/93;;;;
Albert Tumenov;8/2/25;;;;
Ricky Turcios;18/1/25;;;;
Wellington Turman;2/12/23;;;;
Courtney Turner;13/3/98;;;;
Jalin Turner;8/3/25;;;;
Marcin Tybura;10/8/24;;;;
Christian Uflacker;14/12/12;;;;
Andy Uhrich;29/1/16;;;;
Tagir Ulanbekov;18/1/25;;;;
Carlos Ulberg;22/3/25;;;;
Gasan Umalatov;20/10/18;;;;
Zach Underwood;23/1/16;;;;
Caol Uno;26/7/15;;;;
Hector Urbina;28/10/17;;;;
Yasuhiro Urushitani;12/11/16;;;;
Kamaru Usman;21/10/23;;;;
Darren Uyenoyama;18/11/16;;;;
Richie Vaculik;8/11/14;;;;
Egidijus Valavicius;26/3/16;;;;
Charlie Valencia;30/4/11;;;;
Timur Valiev;8/9/24;;;;
Victor Valimaki;29/9/17;;;;
Isaac Vallie-Flagg;27/8/22;;;;
Mike Van Arsdale;29/4/06;;;;
Matt Van Buren;27/5/17;;;;
Ron Van Clief;16/12/94;;;;
Jared Vanderaa;3/5/25;;;;
Austin Vanderford;22/2/25;;;;
Lando Vannata;15/4/23;;;;
Paige Vanzant;11/7/20;;;;
Paul Varelans;8/9/95;;;;
Jamie Varner;13/12/14;;;;
Guilherme Vasconcelos;31/10/21;;;;
Linton Vassell;2/8/24;;;;
Yuri Vaulin;27/7/97;;;;
Javier Vazquez;26/6/11;;;;
Manny Vazquez;22/1/22;;;;
Matt Veach;2/12/16;;;;
Joe Vedepo;18/10/19;;;;
Cain Velasquez;17/2/19;;;;
David Velasquez;25/9/20;;;;
Bojan Velickovic;29/12/23;;;;
Karlos Vemola;29/12/24;;;;
Luigi Vendramini;1/2/25;;;;
Brandon Vera;3/12/22;;;;
Kerry Vera;20/11/09;;;;
Marlon Vera;15/3/25;;;;
Joe Veres;23/1/08;;;;
Renato Verissimo;15/9/07;;;;
Marvin Vettori;15/3/25;;;;
Hugo Viana;25/1/14;;;;
Guilherme Viana;9/11/24;;;;
Polyana Viana;12/4/25;;;;
Vitor Vianna;16/3/12;;;;
James Vick;28/6/24;;;;
Milton Vieira;25/9/22;;;;
Reginaldo Vieira;28/4/25;;;;
Ketlen Vieira;5/10/24;;;;
Rodolfo Vieira;15/2/25;;;;
Steve Vigneault;14/11/09;;;;
Alejandro Villalobos;10/12/15;;;;
Demarco Villalona;23/3/19;;;;
Gian Villante;6/11/21;;;;
Armando Villarreal;16/7/19;;;;
Pablo Villaseca;31/5/19;;;;
Danillo Villefort;5/7/18;;;;
Yuri Villefort;16/1/21;;;;
Falaniko Vitale;26/9/14;;;;
Bobby Voelker;27/7/13;;;;
Alexander Volkanovski;12/4/25;;;;
Jacob Volkmann;9/9/16;;;;
Alexander Volkov;7/12/24;;;;
Jason Von Flue;23/7/09;;;;
Mark Vorgeas;10/4/15;;;;
Chris Wade;4/8/23;;;;
Neil Wain;24/5/14;;;;
Andre Walker;8/12/19;;;;
Donny Walker;29/6/13;;;;
Johnny Walker;22/6/24;;;;
Ben Wall;7/3/20;;;;
Crafton Wallace;7/10/11;;;;
Rodney Wallace;10/9/17;;;;
James Wallace;8/3/25;;;;
Jim Wallhead;26/11/16;;;;
Cory Walmsley;26/8/06;;;;
Richard Walsh;26/11/16;;;;
Patrick Walsh;26/6/21;;;;
Andy Wang;12/8/17;;;;
Sai Wang;6/4/24;;;;
Anying Wang;12/8/20;;;;
Curt Warburton;24/11/18;;;;
Brennan Ward;1/2/25;;;;
Charlie Ward;23/9/23;;;;
Terrion Ware;20/8/22;;;;
Joe Warren;16/8/19;;;;
Brian Warren;18/11/21;;;;
Ron Waterman;29/11/08;;;;
Dominic Waters;26/5/18;;;;
Sam Watford;11/11/23;;;;
Blake Watkins;17/6/16;;;;
Kyle Watson;11/2/12;;;;
Walel Watson;3/6/23;;;;
Tom Watson;8/8/15;;;;
Enrique Watson;16/8/24;;;;
Brok Weaver;18/6/21;;;;
Jonavin Webb;23/10/20;;;;
Royston Wee;16/5/15;;;;
Daniel Weichel;23/9/23;;;;
Chris Weidman;7/12/24;;;;
Mark Weir;17/2/13;;;;
Christian Wellisch;31/1/09;;;;
Jeremiah Wells;10/2/24;;;;
Fabricio Werdum;8/9/23;;;;
Mike Wessel;21/10/16;;;;
Sheldon Westcott;2/1/16;;;;
Vernon White;20/3/10;;;;
Alex White;9/7/22;;;;
Craig White;25/9/20;;;;
Robert Whiteford;28/9/24;;;;
Mike Whitehead;5/12/15;;;;
Garett Whiteley;13/12/14;;;;
Emily Whitmire;6/12/24;;;;
Robert Whittaker;26/10/24;;;;
Josh Wick;20/9/22;;;;
Adam Wieczorek;18/8/23;;;;
Orlando Wiet;19/5/11;;;;
Jonathan Wiezorek;10/11/07;;;;
Justin Wilcox;3/10/14;;;;
Joe Wilk;3/2/18;;;;
Aaron Wilkinson;19/9/14;;;;
Mike Wilkinson;23/3/19;;;;
Rob Wilkinson;1/5/25;;;;
James Wilks;16/10/10;;;;
Tedd Williams;22/9/00;;;;
Pete Williams;22/3/02;;;;
Patrick Williams;14/4/18;;;;
Tim Williams;28/5/22;;;;
Jordan Williams;6/11/21;;;;
Cole Williams;31/10/20;;;;
Justin Willis;23/3/19;;;;
Chris Wilson;25/8/13;;;;
Jonathan Wilson;8/2/25;;;;
Sean Wilson;7/10/12;;;;
Westin Wilson;15/6/24;;;;
Matt Wiman;5/12/20;;;;
Eddie Wineland;18/6/22;;;;
Deron Winn;18/6/22;;;;
Andre Winner;8/6/19;;;;
Eric Wisely;11/9/20;;;;
Keith Wisniewski;4/9/13;;;;
Jason Witt;13/8/22;;;;
Travis Wiuff;27/10/23;;;;
Ray Wizard;11/3/94;;;;
Brandon Wolff;4/6/10;;;;
Nathaniel Wood;22/3/25;;;;
Tyron Woodley;18/12/21;;;;
Sean Woodson;12/4/25;;;;
Cal Worsham;30/3/12;;;;
Khama Worthy;15/3/25;;;;
Justin Wren;3/3/17;;;;
Jordan Wright;24/3/24;;;;
Marcin Wrzosek;8/2/25;;;;
Jamie Yager;9/12/17;;;;
Eddie Yagin;20/12/14;;;;
Rani Yahya;27/4/24;;;;
Mohammad Yahya;3/8/24;;;;
Alexander Yakovlev;18/3/23;;;;
Keiichiro Yamamiya;31/1/15;;;;
Kenichi Yamamoto;9/3/13;;;;
Norifumi Yamamoto;28/2/15;;;;
Goiti Yamauchi;26/4/25;;;;
Petr Yan;23/11/24;;;;
Adam Yandiev;15/9/18;;;;
Adrian Yanez;14/12/24;;;;
Dongi Yang;30/3/19;;;;
Jianping Yang;31/10/15;;;;
Masutatsu Yano;22/1/04;;;;
Emmanuel Yarborough;24/6/98;;;;
Cale Yarbrough;14/4/11;;;;
Ashley Yoder;7/3/25;;;;
Kazunori Yokota;30/6/18;;;;
John Yoo;15/5/15;;;;
Yoshiyuki Yoshida;3/2/19;;;;
Jason Young;29/9/12;;;;
Shane Young;9/9/23;;;;
Shanna Young;7/2/25;;;;
Besam Yousef;29/11/14;;;;
Rob Yundt;24/10/12;;;;
Sodiq Yusuff;13/4/24;;;;
Gilbert Yvel;12/5/18;;;;
Luke Zachrich;7/11/14;;;;
Anton Zafir;7/4/18;;;;
Aiemann Zahabi;2/11/24;;;;
Youssef Zalal;15/2/25;;;;
Elizeu Zaleski Dos Santos;15/3/25;;;;
Zach Zane;15/3/25;;;;
Roger Zapata;26/9/15;;;;
Marius Zaromskis;16/3/24;;;;
David Zawada;1/2/25;;;;
Joao Zeferino;25/10/24;;;;
Zhalgas Zhumagulov;9/11/24;;;;
Fares Ziam;1/2/25;;;;
Mike Zichelle;11/10/14;;;;
James Zikic;10/12/11;;;;
Cat Zingano;7/10/23;;;;
Igor Zinoviev;16/10/98;;;;
George Zuniga;13/11/15;;;;
Allan Zuniga;10/11/18;;;;
Virgil Zwicker;21/10/16;;;;